,uuid,path
0,dc6eee81-9513-4edb-813b-05b83b5127be,data/svi/Santiago/dc6eee81-9513-4edb-813b-05b83b5127be.jpeg
1,50811b7a-5b0f-4581-92fa-017e6ff26ba0,data/svi/Santiago/50811b7a-5b0f-4581-92fa-017e6ff26ba0.jpeg
2,35c8af9e-5e36-4810-9824-59b9b273fbcf,data/svi/Santiago/35c8af9e-5e36-4810-9824-59b9b273fbcf.jpeg
3,3a439403-305b-4be7-ba43-f8ff8e75c31c,data/svi/Santiago/3a439403-305b-4be7-ba43-f8ff8e75c31c.jpeg
4,3cc24150-c590-4d83-883c-44855010e338,data/svi/Santiago/3cc24150-c590-4d83-883c-44855010e338.jpeg
5,f971b7ef-84b4-4994-ad26-9f7ca8987714,data/svi/Santiago/f971b7ef-84b4-4994-ad26-9f7ca8987714.jpeg
6,17b4512c-938d-4fdc-9287-852c0f424227,data/svi/Santiago/17b4512c-938d-4fdc-9287-852c0f424227.jpeg
7,a0e10305-43e2-4613-bdc5-bb4c94e19c49,data/svi/Santiago/a0e10305-43e2-4613-bdc5-bb4c94e19c49.jpeg
8,91e84ba7-e5a1-4f65-8db3-f5fa193e6aad,data/svi/Santiago/91e84ba7-e5a1-4f65-8db3-f5fa193e6aad.jpeg
9,c15e0899-f6bd-4257-81ae-0a66de564a44,data/svi/Santiago/c15e0899-f6bd-4257-81ae-0a66de564a44.jpeg
10,37e65fa3-ce35-4bc7-a8e5-5f62ca26579c,data/svi/Santiago/37e65fa3-ce35-4bc7-a8e5-5f62ca26579c.jpeg
11,713af83a-5e66-427e-b720-4c13161b4d3d,data/svi/Santiago/713af83a-5e66-427e-b720-4c13161b4d3d.jpeg
12,7dbb1221-6600-4e53-9443-8f5ee01b288c,data/svi/Santiago/7dbb1221-6600-4e53-9443-8f5ee01b288c.jpeg
13,8888232a-f22d-4103-9216-37dc134ebd4e,data/svi/Santiago/8888232a-f22d-4103-9216-37dc134ebd4e.jpeg
14,df2b7000-a235-41f9-979a-8bf5aad6267d,data/svi/Santiago/df2b7000-a235-41f9-979a-8bf5aad6267d.jpeg
15,6fb161b6-f421-41fc-89f8-37557cf781b6,data/svi/Santiago/6fb161b6-f421-41fc-89f8-37557cf781b6.jpeg
16,568bc87e-48d2-4c39-b6e8-5733810fd1bd,data/svi/Santiago/568bc87e-48d2-4c39-b6e8-5733810fd1bd.jpeg
17,9896cfe3-96ec-45df-b5d1-bf5b2e69e48c,data/svi/Santiago/9896cfe3-96ec-45df-b5d1-bf5b2e69e48c.jpeg
18,926adf13-36ad-4937-9293-6d4d376db1fd,data/svi/Santiago/926adf13-36ad-4937-9293-6d4d376db1fd.jpeg
19,6a180f36-d93a-40ee-ab61-7ba77c506f5c,data/svi/Santiago/6a180f36-d93a-40ee-ab61-7ba77c506f5c.jpeg
20,1922369b-2f31-4351-8a6a-2ea1a569bac1,data/svi/Santiago/1922369b-2f31-4351-8a6a-2ea1a569bac1.jpeg
21,4ab76638-8609-4171-88d3-21d91c48a518,data/svi/Santiago/4ab76638-8609-4171-88d3-21d91c48a518.jpeg
22,5405822e-4b70-4880-ac59-c0da3cd06d7c,data/svi/Santiago/5405822e-4b70-4880-ac59-c0da3cd06d7c.jpeg
23,38c0d0bf-6855-417d-8467-31197f33e6cc,data/svi/Santiago/38c0d0bf-6855-417d-8467-31197f33e6cc.jpeg
24,44fb3166-93d7-4606-89d4-3fb8e2b50e8d,data/svi/Santiago/44fb3166-93d7-4606-89d4-3fb8e2b50e8d.jpeg
25,de8c3da5-d94e-46c7-8445-8753f9f6cc56,data/svi/Santiago/de8c3da5-d94e-46c7-8445-8753f9f6cc56.jpeg
26,76f71931-ea72-4f6e-9452-5b94377354e0,data/svi/Santiago/76f71931-ea72-4f6e-9452-5b94377354e0.jpeg
27,3ac85ae6-0f5f-4b14-bdc1-8b45601c0ca9,data/svi/Santiago/3ac85ae6-0f5f-4b14-bdc1-8b45601c0ca9.jpeg
28,a9f776ba-8a02-4beb-9fa6-c14f6787a4ed,data/svi/Santiago/a9f776ba-8a02-4beb-9fa6-c14f6787a4ed.jpeg
29,61f3dc30-c69e-4d6f-b56f-c357e089649a,data/svi/Santiago/61f3dc30-c69e-4d6f-b56f-c357e089649a.jpeg
30,9070f645-bc03-406f-86b1-ae2c1583aa15,data/svi/Santiago/9070f645-bc03-406f-86b1-ae2c1583aa15.jpeg
31,40fdc299-465c-436c-8333-04c228cbe59e,data/svi/Santiago/40fdc299-465c-436c-8333-04c228cbe59e.jpeg
32,29ff55d5-e050-48e8-85d4-c28307deb7cf,data/svi/Santiago/29ff55d5-e050-48e8-85d4-c28307deb7cf.jpeg
33,eeb9deb6-dd46-4b10-8724-591020c5b9dd,data/svi/Santiago/eeb9deb6-dd46-4b10-8724-591020c5b9dd.jpeg
34,9514344a-50e8-4e38-b2fa-c3b3583f7ba0,data/svi/Santiago/9514344a-50e8-4e38-b2fa-c3b3583f7ba0.jpeg
35,8f227932-e7c9-480c-8bd6-4843b689bd4b,data/svi/Santiago/8f227932-e7c9-480c-8bd6-4843b689bd4b.jpeg
36,7a334813-1ec5-493f-9b5f-c559d7f837c3,data/svi/Santiago/7a334813-1ec5-493f-9b5f-c559d7f837c3.jpeg
37,64b6b25b-ca89-4234-8def-37e91184b19c,data/svi/Santiago/64b6b25b-ca89-4234-8def-37e91184b19c.jpeg
38,e2e0491e-7525-4943-a653-957294798b88,data/svi/Santiago/e2e0491e-7525-4943-a653-957294798b88.jpeg
39,10186507-898c-4e75-8535-f9881d4a6c6d,data/svi/Santiago/10186507-898c-4e75-8535-f9881d4a6c6d.jpeg
40,a872d1c2-b28a-4b3c-9a43-7d2cbe69ab33,data/svi/Santiago/a872d1c2-b28a-4b3c-9a43-7d2cbe69ab33.jpeg
41,074a82c6-a5c6-4b1b-9550-e8737a688907,data/svi/Santiago/074a82c6-a5c6-4b1b-9550-e8737a688907.jpeg
42,b2dc959b-a571-41b5-82ee-5977810c0692,data/svi/Santiago/b2dc959b-a571-41b5-82ee-5977810c0692.jpeg
43,2137f518-7738-4109-bab5-ccfc88bd74d6,data/svi/Santiago/2137f518-7738-4109-bab5-ccfc88bd74d6.jpeg
44,11afd5fb-986b-4919-97d6-e13795916ad7,data/svi/Santiago/11afd5fb-986b-4919-97d6-e13795916ad7.jpeg
45,ec6fc1a6-f541-478a-896c-d17149058a0d,data/svi/Santiago/ec6fc1a6-f541-478a-896c-d17149058a0d.jpeg
46,25831145-3452-4f7a-bdd0-af5b0f3dd50f,data/svi/Santiago/25831145-3452-4f7a-bdd0-af5b0f3dd50f.jpeg
47,2dca8d50-9443-413e-a00e-7a7abbe4e004,data/svi/Santiago/2dca8d50-9443-413e-a00e-7a7abbe4e004.jpeg
48,5b0150be-8a08-4e0a-9b18-b29b4bd1e87d,data/svi/Santiago/5b0150be-8a08-4e0a-9b18-b29b4bd1e87d.jpeg
49,a9403067-5294-40f2-8484-5f75eed08da6,data/svi/Santiago/a9403067-5294-40f2-8484-5f75eed08da6.jpeg
50,72a7f72f-1556-4c96-8b8a-a09aee5b8e71,data/svi/Santiago/72a7f72f-1556-4c96-8b8a-a09aee5b8e71.jpeg
51,b21b9ee2-aebb-4b7b-b74b-5fe91872cb2d,data/svi/Santiago/b21b9ee2-aebb-4b7b-b74b-5fe91872cb2d.jpeg
52,1f6364c4-4e27-4a99-b719-6b20b3bdef7f,data/svi/Santiago/1f6364c4-4e27-4a99-b719-6b20b3bdef7f.jpeg
53,83bb9a7c-7107-475c-abf7-b4c98dba2674,data/svi/Santiago/83bb9a7c-7107-475c-abf7-b4c98dba2674.jpeg
54,280d39ac-d0fb-4769-b466-74f2bc3933de,data/svi/Santiago/280d39ac-d0fb-4769-b466-74f2bc3933de.jpeg
55,367d9778-1ec0-4dff-8afc-fc9358a1f4e3,data/svi/Santiago/367d9778-1ec0-4dff-8afc-fc9358a1f4e3.jpeg
56,ad2dc199-8c72-4f26-8da5-3634cefd21fd,data/svi/Santiago/ad2dc199-8c72-4f26-8da5-3634cefd21fd.jpeg
57,fb367af6-0df9-460e-a54c-e191a2cad6a5,data/svi/Santiago/fb367af6-0df9-460e-a54c-e191a2cad6a5.jpeg
58,8f607dd9-bf04-4a35-8327-f3401d43be39,data/svi/Santiago/8f607dd9-bf04-4a35-8327-f3401d43be39.jpeg
59,8bbb0da2-e02a-4963-87af-06d69d35a902,data/svi/Santiago/8bbb0da2-e02a-4963-87af-06d69d35a902.jpeg
60,b6c6f645-350f-443a-a82f-0a2e110cb864,data/svi/Santiago/b6c6f645-350f-443a-a82f-0a2e110cb864.jpeg
61,5d41fe47-bcf6-4b11-a303-44127aac916c,data/svi/Santiago/5d41fe47-bcf6-4b11-a303-44127aac916c.jpeg
62,f06a1d61-02f9-4f38-b0de-0247864849a3,data/svi/Santiago/f06a1d61-02f9-4f38-b0de-0247864849a3.jpeg
63,1c1b57b6-8c74-4b77-86cb-97d875573375,data/svi/Santiago/1c1b57b6-8c74-4b77-86cb-97d875573375.jpeg
64,1fd6a79a-b868-4e7a-97ff-b02043a3b84e,data/svi/Santiago/1fd6a79a-b868-4e7a-97ff-b02043a3b84e.jpeg
65,7395eb83-d655-4456-8a38-a24ef516c608,data/svi/Santiago/7395eb83-d655-4456-8a38-a24ef516c608.jpeg
66,71d7b87c-22b1-4dc9-8e98-e8b5a321ed9a,data/svi/Santiago/71d7b87c-22b1-4dc9-8e98-e8b5a321ed9a.jpeg
67,0a232f42-4b27-4c34-84b9-5212a4be9fac,data/svi/Santiago/0a232f42-4b27-4c34-84b9-5212a4be9fac.jpeg
68,87eafe22-c709-4509-9d80-9a3abd97887f,data/svi/Santiago/87eafe22-c709-4509-9d80-9a3abd97887f.jpeg
69,3b79fbea-bf96-435d-9606-2d3fb67514d2,data/svi/Santiago/3b79fbea-bf96-435d-9606-2d3fb67514d2.jpeg
70,df7549d9-e7c2-4ffc-81c6-c261ddeca014,data/svi/Santiago/df7549d9-e7c2-4ffc-81c6-c261ddeca014.jpeg
71,d1593775-7d10-4002-82cd-69ae780f8e85,data/svi/Santiago/d1593775-7d10-4002-82cd-69ae780f8e85.jpeg
72,bab878f1-652c-4ad4-b86f-46a8a2442e55,data/svi/Santiago/bab878f1-652c-4ad4-b86f-46a8a2442e55.jpeg
73,eba4da21-0dcc-4e1c-9b7e-8e0686f1b25f,data/svi/Santiago/eba4da21-0dcc-4e1c-9b7e-8e0686f1b25f.jpeg
74,07472244-642d-4ca9-9bf5-617ef9e0b144,data/svi/Santiago/07472244-642d-4ca9-9bf5-617ef9e0b144.jpeg
75,c22a3b13-efb7-45a7-ba13-bd7fbeb0d441,data/svi/Santiago/c22a3b13-efb7-45a7-ba13-bd7fbeb0d441.jpeg
76,7dd59105-1c55-43e8-92b6-f7afcc85540b,data/svi/Santiago/7dd59105-1c55-43e8-92b6-f7afcc85540b.jpeg
77,eb01b483-b282-4d75-94e0-78083896c96d,data/svi/Santiago/eb01b483-b282-4d75-94e0-78083896c96d.jpeg
78,7d061d75-db4a-4c90-8298-61905fa6122d,data/svi/Santiago/7d061d75-db4a-4c90-8298-61905fa6122d.jpeg
79,066ec701-43b5-43fe-98c9-a5357b4658ef,data/svi/Santiago/066ec701-43b5-43fe-98c9-a5357b4658ef.jpeg
80,7c3d4231-ecfa-45f3-9994-803f9d48a5cf,data/svi/Abuja/7c3d4231-ecfa-45f3-9994-803f9d48a5cf.jpeg
81,83a00efe-975c-4566-9fd9-81f60a451c7b,data/svi/Abuja/83a00efe-975c-4566-9fd9-81f60a451c7b.jpeg
82,66878433-59de-4533-acd3-760d0eee2ce9,data/svi/Abuja/66878433-59de-4533-acd3-760d0eee2ce9.jpeg
83,c1e12031-ae65-4ad4-93e9-88a3c00cc96f,data/svi/Abuja/c1e12031-ae65-4ad4-93e9-88a3c00cc96f.jpeg
84,ca1ccddc-0a6c-490d-b47f-8af883f3380c,data/svi/Abuja/ca1ccddc-0a6c-490d-b47f-8af883f3380c.jpeg
85,890c780e-4f85-4bcd-8c1f-b6ad2b9c4e40,data/svi/Abuja/890c780e-4f85-4bcd-8c1f-b6ad2b9c4e40.jpeg
86,9c68fd2b-246c-4129-8cee-9c781aa41564,data/svi/Abuja/9c68fd2b-246c-4129-8cee-9c781aa41564.jpeg
87,3a3eeda9-aa6c-4666-9144-f07d0680aab8,data/svi/Abuja/3a3eeda9-aa6c-4666-9144-f07d0680aab8.jpeg
88,962aba6b-8576-4aff-8bad-709562a3d44c,data/svi/Abuja/962aba6b-8576-4aff-8bad-709562a3d44c.jpeg
89,57cfa30a-922b-42c1-8ced-dc5f5ddefecb,data/svi/Abuja/57cfa30a-922b-42c1-8ced-dc5f5ddefecb.jpeg
90,8dc4536c-26b7-4d88-957d-d95e877faa2f,data/svi/Abuja/8dc4536c-26b7-4d88-957d-d95e877faa2f.jpeg
91,8175d918-6d1f-48f3-a7f2-b18093ced53e,data/svi/Abuja/8175d918-6d1f-48f3-a7f2-b18093ced53e.jpeg
92,5e6550ae-bd0e-4617-99a6-2a5924dd3476,data/svi/Abuja/5e6550ae-bd0e-4617-99a6-2a5924dd3476.jpeg
93,8358ee69-b3e3-4920-a246-fd735119b2ce,data/svi/Abuja/8358ee69-b3e3-4920-a246-fd735119b2ce.jpeg
94,b5b87aac-f4dd-4387-896e-6c6b6b077a02,data/svi/Abuja/b5b87aac-f4dd-4387-896e-6c6b6b077a02.jpeg
95,19017ad2-7ecd-4934-a1b9-d2df38c880a5,data/svi/Abuja/19017ad2-7ecd-4934-a1b9-d2df38c880a5.jpeg
96,504a634f-f535-458c-8d93-097621e30d0b,data/svi/Abuja/504a634f-f535-458c-8d93-097621e30d0b.jpeg
97,21b8ef9e-d623-4cb1-9961-54b9bdc55b27,data/svi/Abuja/21b8ef9e-d623-4cb1-9961-54b9bdc55b27.jpeg
98,07040b76-c83b-45ec-85a4-9aeb083dcd21,data/svi/Abuja/07040b76-c83b-45ec-85a4-9aeb083dcd21.jpeg
99,2543253c-f533-4545-96f5-5f2d02bf0439,data/svi/Abuja/2543253c-f533-4545-96f5-5f2d02bf0439.jpeg
100,e99bd7b1-8215-4af4-8fb4-4d0e25f85efd,data/svi/Abuja/e99bd7b1-8215-4af4-8fb4-4d0e25f85efd.jpeg
101,2840e786-508f-4cf0-82d1-d695a4b775e9,data/svi/Abuja/2840e786-508f-4cf0-82d1-d695a4b775e9.jpeg
102,1fa2ab0a-14b4-4d2a-9522-7a8e5e6faa97,data/svi/Abuja/1fa2ab0a-14b4-4d2a-9522-7a8e5e6faa97.jpeg
103,8aea1184-e94c-42a9-8f9e-77c6eca7a8d0,data/svi/Abuja/8aea1184-e94c-42a9-8f9e-77c6eca7a8d0.jpeg
104,c7560a88-54ed-491d-9f95-7ba813491b42,data/svi/Abuja/c7560a88-54ed-491d-9f95-7ba813491b42.jpeg
105,959cbc0a-453b-4ee7-8a32-6ccc922f308b,data/svi/Abuja/959cbc0a-453b-4ee7-8a32-6ccc922f308b.jpeg
106,7ad50ef7-aa93-4fb6-939a-cbea4eddf9b6,data/svi/Abuja/7ad50ef7-aa93-4fb6-939a-cbea4eddf9b6.jpeg
107,70f06427-febf-473e-93f1-e8c2033be895,data/svi/Abuja/70f06427-febf-473e-93f1-e8c2033be895.jpeg
108,9b33b2d3-8726-4012-9f5b-39d54e91646a,data/svi/Abuja/9b33b2d3-8726-4012-9f5b-39d54e91646a.jpeg
109,bcc3b64f-311c-441d-8408-7dde13c35323,data/svi/Abuja/bcc3b64f-311c-441d-8408-7dde13c35323.jpeg
110,cb71ce36-2502-40e2-981c-5ca3884a8285,data/svi/Abuja/cb71ce36-2502-40e2-981c-5ca3884a8285.jpeg
111,68a9b3db-7001-47fa-80e6-aa117b3477bd,data/svi/Abuja/68a9b3db-7001-47fa-80e6-aa117b3477bd.jpeg
112,2f25ba68-3b35-4b65-aeb2-78167174a351,data/svi/Abuja/2f25ba68-3b35-4b65-aeb2-78167174a351.jpeg
113,94d11ad7-81c4-44a3-b6b8-ca39f9f77d64,data/svi/Abuja/94d11ad7-81c4-44a3-b6b8-ca39f9f77d64.jpeg
114,caf0a475-6738-4041-b469-b720ae22cc3b,data/svi/Abuja/caf0a475-6738-4041-b469-b720ae22cc3b.jpeg
115,7dcc17dc-639d-4834-9b32-2b0e528215e4,data/svi/Abuja/7dcc17dc-639d-4834-9b32-2b0e528215e4.jpeg
116,9bc0ba77-59af-4a3a-aa27-173a5359d40f,data/svi/Abuja/9bc0ba77-59af-4a3a-aa27-173a5359d40f.jpeg
117,9902777d-12ab-4da0-976b-59ae18be128b,data/svi/Abuja/9902777d-12ab-4da0-976b-59ae18be128b.jpeg
118,8e0aad6e-670c-4650-b4d3-6adc3c7da26c,data/svi/Abuja/8e0aad6e-670c-4650-b4d3-6adc3c7da26c.jpeg
119,dca8d1d4-2992-4d13-8724-350d600fe883,data/svi/Abuja/dca8d1d4-2992-4d13-8724-350d600fe883.jpeg
120,e2243017-aa67-4ea2-98a2-e4e17a32cf33,data/svi/Abuja/e2243017-aa67-4ea2-98a2-e4e17a32cf33.jpeg
121,c9ea59ac-3b21-4d04-b941-7e6d82c9a70e,data/svi/Abuja/c9ea59ac-3b21-4d04-b941-7e6d82c9a70e.jpeg
122,f39f6f46-bb60-416b-86d8-b7d64d628bde,data/svi/Abuja/f39f6f46-bb60-416b-86d8-b7d64d628bde.jpeg
123,a1d426b1-a87e-4662-8a01-b68c5d2dad11,data/svi/Abuja/a1d426b1-a87e-4662-8a01-b68c5d2dad11.jpeg
124,82eddd58-1254-4d42-b145-f3699b459a8d,data/svi/Abuja/82eddd58-1254-4d42-b145-f3699b459a8d.jpeg
125,1d7586b9-9dd3-4e3a-ba40-b280fdaf0b68,data/svi/Abuja/1d7586b9-9dd3-4e3a-ba40-b280fdaf0b68.jpeg
126,97d78550-d466-417c-a00b-381a31d6516a,data/svi/Abuja/97d78550-d466-417c-a00b-381a31d6516a.jpeg
127,586da6fb-1a6a-45b3-8c0e-a95da6db2a2f,data/svi/Abuja/586da6fb-1a6a-45b3-8c0e-a95da6db2a2f.jpeg
128,1ee73a72-2307-43f7-9884-656e11e2c1bd,data/svi/Abuja/1ee73a72-2307-43f7-9884-656e11e2c1bd.jpeg
129,6dab4118-55d0-4153-969e-6f3152d698a0,data/svi/Abuja/6dab4118-55d0-4153-969e-6f3152d698a0.jpeg
130,717e99bb-f1a3-47f7-8052-f3a295ee315a,data/svi/Abuja/717e99bb-f1a3-47f7-8052-f3a295ee315a.jpeg
131,e2318419-1b46-4670-a386-d066e0f938e3,data/svi/Abuja/e2318419-1b46-4670-a386-d066e0f938e3.jpeg
132,c350f8e2-19ff-4b27-b561-d10cdc6e8090,data/svi/Abuja/c350f8e2-19ff-4b27-b561-d10cdc6e8090.jpeg
133,98b591dd-fcf2-4e8b-adc0-1448b0633295,data/svi/Abuja/98b591dd-fcf2-4e8b-adc0-1448b0633295.jpeg
134,25e3f949-3426-4502-acaa-3fc2092f502c,data/svi/Abuja/25e3f949-3426-4502-acaa-3fc2092f502c.jpeg
135,7a04135a-dea8-4d4a-8eb5-f5993143c081,data/svi/Abuja/7a04135a-dea8-4d4a-8eb5-f5993143c081.jpeg
136,7b9ed42b-d80e-4505-9201-ae438c95a29d,data/svi/Abuja/7b9ed42b-d80e-4505-9201-ae438c95a29d.jpeg
137,d7b26f55-5cc0-4b88-8369-b98b5d059170,data/svi/Abuja/d7b26f55-5cc0-4b88-8369-b98b5d059170.jpeg
138,82576e2e-c2b7-4af0-abb8-3ca92b0eed0c,data/svi/Abuja/82576e2e-c2b7-4af0-abb8-3ca92b0eed0c.jpeg
139,36aae7f8-99c9-46ee-bbf1-7bb316b30080,data/svi/Abuja/36aae7f8-99c9-46ee-bbf1-7bb316b30080.jpeg
140,eee6dd59-4096-4c8c-ae6a-6dc872b7c187,data/svi/Abuja/eee6dd59-4096-4c8c-ae6a-6dc872b7c187.jpeg
141,c2143365-5ee3-4530-8511-7f78a80b4b0f,data/svi/Abuja/c2143365-5ee3-4530-8511-7f78a80b4b0f.jpeg
142,f34e7bd4-c68b-426f-83d1-577eb0467547,data/svi/Abuja/f34e7bd4-c68b-426f-83d1-577eb0467547.jpeg
143,4a308127-aed5-40a3-b781-e28361b67284,data/svi/Abuja/4a308127-aed5-40a3-b781-e28361b67284.jpeg
144,6cd48f32-eb92-4423-8901-fa55e817818e,data/svi/Abuja/6cd48f32-eb92-4423-8901-fa55e817818e.jpeg
145,9928927c-5190-4a26-949d-3d704d708ece,data/svi/Abuja/9928927c-5190-4a26-949d-3d704d708ece.jpeg
146,f7303db5-dc81-4fa4-bad3-e1e4321e9d42,data/svi/Abuja/f7303db5-dc81-4fa4-bad3-e1e4321e9d42.jpeg
147,62d86c44-a64e-4315-9268-8d37f89060e3,data/svi/Abuja/62d86c44-a64e-4315-9268-8d37f89060e3.jpeg
148,76e4247f-e38b-4fab-9ebc-6ada8af80a31,data/svi/Abuja/76e4247f-e38b-4fab-9ebc-6ada8af80a31.jpeg
149,6d4e6dcc-c9ce-498a-991c-babde690d539,data/svi/Abuja/6d4e6dcc-c9ce-498a-991c-babde690d539.jpeg
150,cf55f412-6375-4e27-86f2-2f3789a09a5f,data/svi/Abuja/cf55f412-6375-4e27-86f2-2f3789a09a5f.jpeg
151,d104ab37-6903-4e35-97cb-b482e7057106,data/svi/Abuja/d104ab37-6903-4e35-97cb-b482e7057106.jpeg
152,38ba29ee-7e23-4ad8-addc-0f90afc7c38e,data/svi/Abuja/38ba29ee-7e23-4ad8-addc-0f90afc7c38e.jpeg
153,7e4701f6-fbe6-4c8a-b847-2468d6a4978d,data/svi/Abuja/7e4701f6-fbe6-4c8a-b847-2468d6a4978d.jpeg
154,f56d7598-a2dd-4f1f-9184-75b9c4ff44e2,data/svi/Abuja/f56d7598-a2dd-4f1f-9184-75b9c4ff44e2.jpeg
155,25578b4e-a71a-4baf-ac18-581412d2e0ea,data/svi/Abuja/25578b4e-a71a-4baf-ac18-581412d2e0ea.jpeg
156,87167bf5-d257-4892-be7a-82481ecdceee,data/svi/Abuja/87167bf5-d257-4892-be7a-82481ecdceee.jpeg
157,52f83280-5051-4ad6-be96-7327322d6aa5,data/svi/Abuja/52f83280-5051-4ad6-be96-7327322d6aa5.jpeg
158,0b5d5cfd-a752-42e5-a70e-11f1dc3abba2,data/svi/Abuja/0b5d5cfd-a752-42e5-a70e-11f1dc3abba2.jpeg
159,36213c94-bd6d-4148-adcf-e332cbd11ccf,data/svi/Abuja/36213c94-bd6d-4148-adcf-e332cbd11ccf.jpeg
160,a5e78fa1-a4b9-4062-a2f5-e4bd3b5854dd,data/svi/Singapore/a5e78fa1-a4b9-4062-a2f5-e4bd3b5854dd.jpeg
161,0c1cd25d-d858-4257-8e90-352a83a27f89,data/svi/Singapore/0c1cd25d-d858-4257-8e90-352a83a27f89.jpeg
162,718e4580-c7e4-41ca-b601-bb4eb8fef431,data/svi/Singapore/718e4580-c7e4-41ca-b601-bb4eb8fef431.jpeg
163,92cbc689-cfe8-4422-b754-b6236eb6a266,data/svi/Singapore/92cbc689-cfe8-4422-b754-b6236eb6a266.jpeg
164,2df50d9d-3919-4e2c-9295-a933e9d073ab,data/svi/Singapore/2df50d9d-3919-4e2c-9295-a933e9d073ab.jpeg
165,85d8e67c-209d-4510-831b-053225781cfc,data/svi/Singapore/85d8e67c-209d-4510-831b-053225781cfc.jpeg
166,cdc8bc2e-6502-48c6-9790-9e8d5f220f9a,data/svi/Singapore/cdc8bc2e-6502-48c6-9790-9e8d5f220f9a.jpeg
167,c992328e-c2f3-4e1a-9ac0-7c2a95d23a27,data/svi/Singapore/c992328e-c2f3-4e1a-9ac0-7c2a95d23a27.jpeg
168,8c748b75-c3e1-4712-9192-12967e662e31,data/svi/Singapore/8c748b75-c3e1-4712-9192-12967e662e31.jpeg
169,660399d8-41ce-4f0b-908d-1771aa56b13c,data/svi/Singapore/660399d8-41ce-4f0b-908d-1771aa56b13c.jpeg
170,396b865a-fdf1-48f9-848b-18535199842b,data/svi/Singapore/396b865a-fdf1-48f9-848b-18535199842b.jpeg
171,e8ea3bd5-3279-416e-933e-8e4b750e1885,data/svi/Singapore/e8ea3bd5-3279-416e-933e-8e4b750e1885.jpeg
172,e407c063-7c3a-4250-9604-f72e0a4e331b,data/svi/Singapore/e407c063-7c3a-4250-9604-f72e0a4e331b.jpeg
173,2c42f52a-fcd3-4858-bcf5-12571e5db2b3,data/svi/Singapore/2c42f52a-fcd3-4858-bcf5-12571e5db2b3.jpeg
174,89fd5dc2-0748-459b-9531-3b467b2dc04d,data/svi/Singapore/89fd5dc2-0748-459b-9531-3b467b2dc04d.jpeg
175,9cc1e33e-9564-4393-b959-bd6246aab411,data/svi/Singapore/9cc1e33e-9564-4393-b959-bd6246aab411.jpeg
176,94cc0549-b343-4001-badb-bd68c4e76a35,data/svi/Singapore/94cc0549-b343-4001-badb-bd68c4e76a35.jpeg
177,5c8426c2-5282-43dc-a622-8fd1501e3a63,data/svi/Singapore/5c8426c2-5282-43dc-a622-8fd1501e3a63.jpeg
178,05e0b20d-ae78-4b2b-b425-f021d3497c72,data/svi/Singapore/05e0b20d-ae78-4b2b-b425-f021d3497c72.jpeg
179,0324cf50-3b94-431d-aa43-6a027c8b1dda,data/svi/Singapore/0324cf50-3b94-431d-aa43-6a027c8b1dda.jpeg
180,e708d69a-96b9-4bd6-a5b8-e307b4a515bf,data/svi/Singapore/e708d69a-96b9-4bd6-a5b8-e307b4a515bf.jpeg
181,bc38c219-7d8d-45d5-bde1-99748715f220,data/svi/Singapore/bc38c219-7d8d-45d5-bde1-99748715f220.jpeg
182,4d00b2b2-b624-44fb-b891-92db03cb3e33,data/svi/Singapore/4d00b2b2-b624-44fb-b891-92db03cb3e33.jpeg
183,e4b872b2-87a2-4ca1-ab7e-93aa24318781,data/svi/Singapore/e4b872b2-87a2-4ca1-ab7e-93aa24318781.jpeg
184,29fcbc64-73c1-44f9-b0f1-a3f28cae0d4e,data/svi/Singapore/29fcbc64-73c1-44f9-b0f1-a3f28cae0d4e.jpeg
185,b73f53d1-7b0d-4de6-921c-f0f62c2599f1,data/svi/Singapore/b73f53d1-7b0d-4de6-921c-f0f62c2599f1.jpeg
186,2e8a7c7e-1e55-4127-a1a6-a91a88f7e9e0,data/svi/Singapore/2e8a7c7e-1e55-4127-a1a6-a91a88f7e9e0.jpeg
187,1545814e-bfa2-4e33-8324-64a70b848057,data/svi/Singapore/1545814e-bfa2-4e33-8324-64a70b848057.jpeg
188,09a14c05-a74d-4153-85ae-bd2e1c573518,data/svi/Singapore/09a14c05-a74d-4153-85ae-bd2e1c573518.jpeg
189,dc740ea9-332a-477b-bacd-abf80442b2ef,data/svi/Singapore/dc740ea9-332a-477b-bacd-abf80442b2ef.jpeg
190,0ee82372-34f5-4017-831a-50a93e4b7e69,data/svi/Singapore/0ee82372-34f5-4017-831a-50a93e4b7e69.jpeg
191,98323432-4f17-4ea5-8c71-cfa5020e3071,data/svi/Singapore/98323432-4f17-4ea5-8c71-cfa5020e3071.jpeg
192,fa24642d-008a-4c62-8233-3bc05efc6440,data/svi/Singapore/fa24642d-008a-4c62-8233-3bc05efc6440.jpeg
193,e52d155e-9b66-4339-9646-5d3bacb7425e,data/svi/Singapore/e52d155e-9b66-4339-9646-5d3bacb7425e.jpeg
194,4a3697f3-027c-42da-b175-211ff2e3f927,data/svi/Singapore/4a3697f3-027c-42da-b175-211ff2e3f927.jpeg
195,58965f9f-24b5-472b-a50a-bf6946be2765,data/svi/Singapore/58965f9f-24b5-472b-a50a-bf6946be2765.jpeg
196,6a7a0d98-5f11-4b85-9e31-f9cf06669064,data/svi/Singapore/6a7a0d98-5f11-4b85-9e31-f9cf06669064.jpeg
197,d44b6a5f-b292-41e1-867a-a730495bf6cb,data/svi/Singapore/d44b6a5f-b292-41e1-867a-a730495bf6cb.jpeg
198,5231d5c5-bde8-4cb3-9e90-bf4601a3d97f,data/svi/Singapore/5231d5c5-bde8-4cb3-9e90-bf4601a3d97f.jpeg
199,5adc5d5b-d091-49fd-b2d3-8915e30b847e,data/svi/Singapore/5adc5d5b-d091-49fd-b2d3-8915e30b847e.jpeg
200,f0fd9fa6-48fb-45a8-a849-9caec90cd006,data/svi/Singapore/f0fd9fa6-48fb-45a8-a849-9caec90cd006.jpeg
201,0b8c6dad-e1d4-4192-b893-ccefe9e7e89c,data/svi/Singapore/0b8c6dad-e1d4-4192-b893-ccefe9e7e89c.jpeg
202,76d51909-0a1e-4a6b-b0bc-ef9e5d1781ab,data/svi/Singapore/76d51909-0a1e-4a6b-b0bc-ef9e5d1781ab.jpeg
203,e98761f5-5ec7-4bee-a460-6a86631e72fa,data/svi/Singapore/e98761f5-5ec7-4bee-a460-6a86631e72fa.jpeg
204,59aca400-f941-4f1d-91d5-270b0fabd80e,data/svi/Singapore/59aca400-f941-4f1d-91d5-270b0fabd80e.jpeg
205,1d7ee530-66bb-46be-a250-c05d592ff40a,data/svi/Singapore/1d7ee530-66bb-46be-a250-c05d592ff40a.jpeg
206,5daed009-9e58-4fe9-ba67-b7448ff795c9,data/svi/Singapore/5daed009-9e58-4fe9-ba67-b7448ff795c9.jpeg
207,0b11a661-94ea-4ca4-8104-940ab8179590,data/svi/Singapore/0b11a661-94ea-4ca4-8104-940ab8179590.jpeg
208,4903628d-f801-4f74-8c87-17c648acbf1e,data/svi/Singapore/4903628d-f801-4f74-8c87-17c648acbf1e.jpeg
209,31d1d1a0-e3fc-4915-867f-5bb25995cc8e,data/svi/Singapore/31d1d1a0-e3fc-4915-867f-5bb25995cc8e.jpeg
210,c1c3ba69-ffff-4ec7-84fe-2c7ccb70fdd0,data/svi/Singapore/c1c3ba69-ffff-4ec7-84fe-2c7ccb70fdd0.jpeg
211,99b45032-fd7d-4883-a6e1-2d47e3dd65e5,data/svi/Singapore/99b45032-fd7d-4883-a6e1-2d47e3dd65e5.jpeg
212,db5138b1-9a56-47e2-ad21-2f3de0aeefe9,data/svi/Singapore/db5138b1-9a56-47e2-ad21-2f3de0aeefe9.jpeg
213,857d25a6-1b6f-4d1d-ab15-532f5b83ee0e,data/svi/Singapore/857d25a6-1b6f-4d1d-ab15-532f5b83ee0e.jpeg
214,a37b8477-4edf-4f49-b36f-2dd10e467f09,data/svi/Singapore/a37b8477-4edf-4f49-b36f-2dd10e467f09.jpeg
215,2ac5aa58-1b31-42d5-8e98-cdbb59fb7a62,data/svi/Singapore/2ac5aa58-1b31-42d5-8e98-cdbb59fb7a62.jpeg
216,e8fb93db-be53-4d45-b47f-1f29c65424bc,data/svi/Singapore/e8fb93db-be53-4d45-b47f-1f29c65424bc.jpeg
217,61e49fb1-2fc0-45b3-a483-d1334b73dec7,data/svi/Singapore/61e49fb1-2fc0-45b3-a483-d1334b73dec7.jpeg
218,5446831e-9c5b-4390-a583-6f0f3e3877ca,data/svi/Singapore/5446831e-9c5b-4390-a583-6f0f3e3877ca.jpeg
219,bc65a16b-0e99-4bac-8e9e-6caf9feb0276,data/svi/Singapore/bc65a16b-0e99-4bac-8e9e-6caf9feb0276.jpeg
220,a240ea21-72a9-41b8-9141-655bfa289a17,data/svi/Singapore/a240ea21-72a9-41b8-9141-655bfa289a17.jpeg
221,16dbea0a-64ce-441b-a929-7dbb373d4063,data/svi/Singapore/16dbea0a-64ce-441b-a929-7dbb373d4063.jpeg
222,6b8cf393-4a17-46ee-ba10-f4274360ca27,data/svi/Singapore/6b8cf393-4a17-46ee-ba10-f4274360ca27.jpeg
223,c9134ff8-f246-4546-8fd4-7bde332c2616,data/svi/Singapore/c9134ff8-f246-4546-8fd4-7bde332c2616.jpeg
224,b0d8fcb4-ee7f-4aba-8fe7-845c5d56bb9b,data/svi/Singapore/b0d8fcb4-ee7f-4aba-8fe7-845c5d56bb9b.jpeg
225,73424fd6-e621-4ebf-baad-5c0768114b5b,data/svi/Singapore/73424fd6-e621-4ebf-baad-5c0768114b5b.jpeg
226,47a79ab8-8875-46d5-abc1-d6ec04295cae,data/svi/Singapore/47a79ab8-8875-46d5-abc1-d6ec04295cae.jpeg
227,d9d2caa8-db99-4a7e-b8d0-56dcaa71fd3f,data/svi/Singapore/d9d2caa8-db99-4a7e-b8d0-56dcaa71fd3f.jpeg
228,28b4dc90-4da1-4eb5-a51a-985be3428b99,data/svi/Singapore/28b4dc90-4da1-4eb5-a51a-985be3428b99.jpeg
229,2861f330-ba5b-4d1e-a6dc-cb2635f1220a,data/svi/Singapore/2861f330-ba5b-4d1e-a6dc-cb2635f1220a.jpeg
230,0a82c461-302e-45e9-afcb-5194bec3e123,data/svi/Singapore/0a82c461-302e-45e9-afcb-5194bec3e123.jpeg
231,6afb3a19-bdc6-4298-834d-fa18b640a78a,data/svi/Singapore/6afb3a19-bdc6-4298-834d-fa18b640a78a.jpeg
232,2c2a0c4c-98ca-48d5-b481-6bc8a0d8e203,data/svi/Singapore/2c2a0c4c-98ca-48d5-b481-6bc8a0d8e203.jpeg
233,55778d2b-f923-45c6-9a4f-037fb4162f06,data/svi/Singapore/55778d2b-f923-45c6-9a4f-037fb4162f06.jpeg
234,df9321a9-ae67-46b9-ae68-fb8b2c20b529,data/svi/Singapore/df9321a9-ae67-46b9-ae68-fb8b2c20b529.jpeg
235,a98031f2-7c92-42cd-be64-505924f5ea36,data/svi/Singapore/a98031f2-7c92-42cd-be64-505924f5ea36.jpeg
236,ae93b93d-dd25-4e67-a7d2-bc8f2fc24d66,data/svi/Singapore/ae93b93d-dd25-4e67-a7d2-bc8f2fc24d66.jpeg
237,4bc7637c-9954-4d83-b40f-e837614ee20d,data/svi/Singapore/4bc7637c-9954-4d83-b40f-e837614ee20d.jpeg
238,f5ef975d-7d3c-4497-946e-c2526aa1f4b8,data/svi/Singapore/f5ef975d-7d3c-4497-946e-c2526aa1f4b8.jpeg
239,aa59ba94-7c45-4794-8e1e-6e7823c67274,data/svi/Singapore/aa59ba94-7c45-4794-8e1e-6e7823c67274.jpeg
240,9643e9b8-b121-4661-ad98-72707b9894ca,data/svi/San Francisco/9643e9b8-b121-4661-ad98-72707b9894ca.jpeg
241,0fa2dcde-878a-4913-8d7d-30dca8c1192a,data/svi/San Francisco/0fa2dcde-878a-4913-8d7d-30dca8c1192a.jpeg
242,ca66d3ea-9400-48ca-8320-fd3460bb9e1d,data/svi/San Francisco/ca66d3ea-9400-48ca-8320-fd3460bb9e1d.jpeg
243,27d1ccd0-21b3-44a1-b95a-79989050b4a6,data/svi/San Francisco/27d1ccd0-21b3-44a1-b95a-79989050b4a6.jpeg
244,881e7127-037a-47e2-84ec-770e37597387,data/svi/San Francisco/881e7127-037a-47e2-84ec-770e37597387.jpeg
245,03b2e966-dea1-49c1-8184-191e90650622,data/svi/San Francisco/03b2e966-dea1-49c1-8184-191e90650622.jpeg
246,3ba4f295-3825-4187-a30f-2aa04c6c37ea,data/svi/San Francisco/3ba4f295-3825-4187-a30f-2aa04c6c37ea.jpeg
247,836e44b2-1c76-4ab1-8038-5ce63cc6fb55,data/svi/San Francisco/836e44b2-1c76-4ab1-8038-5ce63cc6fb55.jpeg
248,c0764cb5-f2fd-40cb-9aed-3eff846675ef,data/svi/San Francisco/c0764cb5-f2fd-40cb-9aed-3eff846675ef.jpeg
249,09efd904-152a-4ead-8853-f663ccf0cbd6,data/svi/San Francisco/09efd904-152a-4ead-8853-f663ccf0cbd6.jpeg
250,bfd53665-0d6e-461b-8860-467dab2b06a1,data/svi/San Francisco/bfd53665-0d6e-461b-8860-467dab2b06a1.jpeg
251,1b84a8ca-2db8-4731-a434-89862ed1ba88,data/svi/San Francisco/1b84a8ca-2db8-4731-a434-89862ed1ba88.jpeg
252,fef0d6d6-2a3d-4dc1-81eb-d4ee11a50975,data/svi/San Francisco/fef0d6d6-2a3d-4dc1-81eb-d4ee11a50975.jpeg
253,10c756a2-6597-418d-b2c4-5cae7f5ba342,data/svi/San Francisco/10c756a2-6597-418d-b2c4-5cae7f5ba342.jpeg
254,af3920ff-91c7-4663-bcb1-d02d8f6ef26f,data/svi/San Francisco/af3920ff-91c7-4663-bcb1-d02d8f6ef26f.jpeg
255,e6313d51-3e1c-45d4-b76a-9c45e825a971,data/svi/San Francisco/e6313d51-3e1c-45d4-b76a-9c45e825a971.jpeg
256,0638ae91-2f69-4a1f-b4b2-70fac9027ef4,data/svi/San Francisco/0638ae91-2f69-4a1f-b4b2-70fac9027ef4.jpeg
257,05e38bcb-218d-41de-879a-c758eeeac337,data/svi/San Francisco/05e38bcb-218d-41de-879a-c758eeeac337.jpeg
258,984f99aa-ca1c-4669-9c6c-d191bd6c5eed,data/svi/San Francisco/984f99aa-ca1c-4669-9c6c-d191bd6c5eed.jpeg
259,c24f3069-4fd4-4116-a651-61e606122216,data/svi/San Francisco/c24f3069-4fd4-4116-a651-61e606122216.jpeg
260,937e89f7-51a9-4ff9-95af-63ce16a523b9,data/svi/San Francisco/937e89f7-51a9-4ff9-95af-63ce16a523b9.jpeg
261,52ab1774-23fe-49b2-bbf4-703c48c6c663,data/svi/San Francisco/52ab1774-23fe-49b2-bbf4-703c48c6c663.jpeg
262,3f61d908-592b-45bb-8fdf-eb82d0a80d2e,data/svi/San Francisco/3f61d908-592b-45bb-8fdf-eb82d0a80d2e.jpeg
263,03d5b128-ef60-477f-bfb0-697d04a0ec8d,data/svi/San Francisco/03d5b128-ef60-477f-bfb0-697d04a0ec8d.jpeg
264,b5bb91ca-c1b0-43df-9c02-4badff194a0e,data/svi/San Francisco/b5bb91ca-c1b0-43df-9c02-4badff194a0e.jpeg
265,e2df53ca-77b6-4b0f-b279-87895d91eac0,data/svi/San Francisco/e2df53ca-77b6-4b0f-b279-87895d91eac0.jpeg
266,be9d2e9a-24bc-4f6f-92ab-a93d0e30d7b1,data/svi/San Francisco/be9d2e9a-24bc-4f6f-92ab-a93d0e30d7b1.jpeg
267,107dbbfe-5c13-4563-9f54-353237fe854f,data/svi/San Francisco/107dbbfe-5c13-4563-9f54-353237fe854f.jpeg
268,f11ac338-e15b-4d85-a27c-ec5ccad7344b,data/svi/San Francisco/f11ac338-e15b-4d85-a27c-ec5ccad7344b.jpeg
269,d1166cdc-9592-4199-a28d-0fae2bfb3d3f,data/svi/San Francisco/d1166cdc-9592-4199-a28d-0fae2bfb3d3f.jpeg
270,9528d94c-dfc0-4365-984d-cd437eca256a,data/svi/San Francisco/9528d94c-dfc0-4365-984d-cd437eca256a.jpeg
271,02bbf8e5-b3c5-48fa-9642-783b0a5f3c36,data/svi/San Francisco/02bbf8e5-b3c5-48fa-9642-783b0a5f3c36.jpeg
272,88723085-7a06-43ae-bcc0-3911360da2fc,data/svi/San Francisco/88723085-7a06-43ae-bcc0-3911360da2fc.jpeg
273,429e56da-2784-4d22-8d9b-4245740f4f6e,data/svi/San Francisco/429e56da-2784-4d22-8d9b-4245740f4f6e.jpeg
274,18e77d76-af89-4555-ab3a-113ce6f8e1bc,data/svi/San Francisco/18e77d76-af89-4555-ab3a-113ce6f8e1bc.jpeg
275,8cb95370-8b07-4e81-a903-977d060fd48a,data/svi/San Francisco/8cb95370-8b07-4e81-a903-977d060fd48a.jpeg
276,f3dc8967-fc2c-407f-b4e7-e350b62b9288,data/svi/San Francisco/f3dc8967-fc2c-407f-b4e7-e350b62b9288.jpeg
277,a511adaf-499d-4362-8b83-48d4f560d66f,data/svi/San Francisco/a511adaf-499d-4362-8b83-48d4f560d66f.jpeg
278,23e7e8cf-9654-42ad-999c-f5818b30d87a,data/svi/San Francisco/23e7e8cf-9654-42ad-999c-f5818b30d87a.jpeg
279,1181154f-bdd5-47ab-ae11-dfd29582bcd4,data/svi/San Francisco/1181154f-bdd5-47ab-ae11-dfd29582bcd4.jpeg
280,2aec5d45-f0d2-496a-a19b-cef66a4a4f74,data/svi/San Francisco/2aec5d45-f0d2-496a-a19b-cef66a4a4f74.jpeg
281,d64d47d7-69d5-40b7-8b28-f29fdb1f1e66,data/svi/San Francisco/d64d47d7-69d5-40b7-8b28-f29fdb1f1e66.jpeg
282,3f514c22-e89b-4772-a5f9-6c846630278f,data/svi/San Francisco/3f514c22-e89b-4772-a5f9-6c846630278f.jpeg
283,42c2cb06-e620-4f39-95f6-9de72036aa06,data/svi/San Francisco/42c2cb06-e620-4f39-95f6-9de72036aa06.jpeg
284,9fbb38ec-04c6-4af0-99be-d37b0e0d5641,data/svi/San Francisco/9fbb38ec-04c6-4af0-99be-d37b0e0d5641.jpeg
285,65143ad1-83a3-41fa-a079-a8702deec9cc,data/svi/San Francisco/65143ad1-83a3-41fa-a079-a8702deec9cc.jpeg
286,745bfc00-99f1-4f9e-978e-6780f99f2f6a,data/svi/San Francisco/745bfc00-99f1-4f9e-978e-6780f99f2f6a.jpeg
287,fc66c0ca-66b1-4419-82c3-2ebb7aac9fd0,data/svi/San Francisco/fc66c0ca-66b1-4419-82c3-2ebb7aac9fd0.jpeg
288,059205d3-56fb-44a6-bda9-7747bc778399,data/svi/San Francisco/059205d3-56fb-44a6-bda9-7747bc778399.jpeg
289,e3a56212-a4a2-4ea4-8f90-d2c9c9ac7f83,data/svi/San Francisco/e3a56212-a4a2-4ea4-8f90-d2c9c9ac7f83.jpeg
290,68e07cad-7bea-42b8-a668-c238e925e3a2,data/svi/San Francisco/68e07cad-7bea-42b8-a668-c238e925e3a2.jpeg
291,55b4d6d7-6359-456d-8cce-a983030ff59b,data/svi/San Francisco/55b4d6d7-6359-456d-8cce-a983030ff59b.jpeg
292,c5b8321a-0969-4698-a416-6e97fcd1a73e,data/svi/San Francisco/c5b8321a-0969-4698-a416-6e97fcd1a73e.jpeg
293,df9b208b-20e8-4d7c-b826-a0afbd816e5a,data/svi/San Francisco/df9b208b-20e8-4d7c-b826-a0afbd816e5a.jpeg
294,3ad99f11-e7e6-4733-95f1-ce9942a444ee,data/svi/San Francisco/3ad99f11-e7e6-4733-95f1-ce9942a444ee.jpeg
295,00b2eab5-0f30-4722-87f4-009824a9cace,data/svi/San Francisco/00b2eab5-0f30-4722-87f4-009824a9cace.jpeg
296,ad8ad0ae-4dc4-445a-b38b-7946b50b46e5,data/svi/San Francisco/ad8ad0ae-4dc4-445a-b38b-7946b50b46e5.jpeg
297,00ca061c-f9fc-49cc-b06b-86d5dd6599ff,data/svi/San Francisco/00ca061c-f9fc-49cc-b06b-86d5dd6599ff.jpeg
298,e77bc782-2c69-4f97-8a96-cda82d88ebdb,data/svi/San Francisco/e77bc782-2c69-4f97-8a96-cda82d88ebdb.jpeg
299,e0323a78-f640-415e-82d0-dda6d266716c,data/svi/San Francisco/e0323a78-f640-415e-82d0-dda6d266716c.jpeg
300,8e515fe2-7775-4e79-921f-ce8fe2a067cb,data/svi/San Francisco/8e515fe2-7775-4e79-921f-ce8fe2a067cb.jpeg
301,3bd3d662-f330-4af9-bd46-9e3a2d999ccf,data/svi/San Francisco/3bd3d662-f330-4af9-bd46-9e3a2d999ccf.jpeg
302,2c814e57-ea64-4857-97f1-26798c33618d,data/svi/San Francisco/2c814e57-ea64-4857-97f1-26798c33618d.jpeg
303,1e8ddee5-af7b-404f-9c39-b980f407fa74,data/svi/San Francisco/1e8ddee5-af7b-404f-9c39-b980f407fa74.jpeg
304,94ed8a77-577f-4064-ab7f-ae55b864b674,data/svi/San Francisco/94ed8a77-577f-4064-ab7f-ae55b864b674.jpeg
305,6066c3e5-d907-466c-a17a-43da29419b85,data/svi/San Francisco/6066c3e5-d907-466c-a17a-43da29419b85.jpeg
306,b6538880-79bd-4d19-a828-453e3bf1e932,data/svi/San Francisco/b6538880-79bd-4d19-a828-453e3bf1e932.jpeg
307,056f992a-ac1a-4fbc-9f9c-689c1a836cc2,data/svi/San Francisco/056f992a-ac1a-4fbc-9f9c-689c1a836cc2.jpeg
308,f4c16335-08a6-44f8-96cb-5b6f9ff32f9d,data/svi/San Francisco/f4c16335-08a6-44f8-96cb-5b6f9ff32f9d.jpeg
309,7d9482d0-98b7-4ca7-b1eb-12cd59a82cf2,data/svi/San Francisco/7d9482d0-98b7-4ca7-b1eb-12cd59a82cf2.jpeg
310,92e85be6-2b7d-4033-bb88-50b7f1ec08fb,data/svi/San Francisco/92e85be6-2b7d-4033-bb88-50b7f1ec08fb.jpeg
311,0b7c90a9-a9a5-4e9c-b87b-e08702404ab0,data/svi/San Francisco/0b7c90a9-a9a5-4e9c-b87b-e08702404ab0.jpeg
312,c5661e91-4a24-4d3f-ada8-fe3fff131a66,data/svi/San Francisco/c5661e91-4a24-4d3f-ada8-fe3fff131a66.jpeg
313,8b28d93e-8d4b-41ef-8960-6c176c1d7b8b,data/svi/San Francisco/8b28d93e-8d4b-41ef-8960-6c176c1d7b8b.jpeg
314,6d95bf53-8e03-4168-8718-a7175008bbd1,data/svi/San Francisco/6d95bf53-8e03-4168-8718-a7175008bbd1.jpeg
315,df4ec12f-c3b2-4573-8861-94341da2926f,data/svi/San Francisco/df4ec12f-c3b2-4573-8861-94341da2926f.jpeg
316,a11b15aa-c7ed-47b9-b14e-409e8c192f20,data/svi/San Francisco/a11b15aa-c7ed-47b9-b14e-409e8c192f20.jpeg
317,003543b8-c222-4638-8e46-0821f2ff8e13,data/svi/San Francisco/003543b8-c222-4638-8e46-0821f2ff8e13.jpeg
318,72e74c1d-413e-4cb6-8704-dfe55f6e17e5,data/svi/San Francisco/72e74c1d-413e-4cb6-8704-dfe55f6e17e5.jpeg
319,5352831a-9380-4d92-b3bc-4269684062da,data/svi/San Francisco/5352831a-9380-4d92-b3bc-4269684062da.jpeg
320,d63c7ab6-5b2d-48a5-ab56-940829b51ddd,data/svi/Amsterdam/d63c7ab6-5b2d-48a5-ab56-940829b51ddd.jpeg
321,6be29618-8235-4eae-b0ab-fe7e9fa5327e,data/svi/Amsterdam/6be29618-8235-4eae-b0ab-fe7e9fa5327e.jpeg
322,8185f428-a9be-4a0b-a66c-61d925dca0a1,data/svi/Amsterdam/8185f428-a9be-4a0b-a66c-61d925dca0a1.jpeg
323,fe6900d2-1750-4cf8-810c-e58104a60ef7,data/svi/Amsterdam/fe6900d2-1750-4cf8-810c-e58104a60ef7.jpeg
324,5ff3f497-1187-4da9-a5d8-9fce6ffe86c5,data/svi/Amsterdam/5ff3f497-1187-4da9-a5d8-9fce6ffe86c5.jpeg
325,6035f156-b9ef-4fa2-8fe1-7fe78fa90d9b,data/svi/Amsterdam/6035f156-b9ef-4fa2-8fe1-7fe78fa90d9b.jpeg
326,a0fc331c-6d52-41be-a318-ef4dcc36331e,data/svi/Amsterdam/a0fc331c-6d52-41be-a318-ef4dcc36331e.jpeg
327,f52af108-1b6b-4de6-a9e7-4f6a01c3f207,data/svi/Amsterdam/f52af108-1b6b-4de6-a9e7-4f6a01c3f207.jpeg
328,172f4630-e3e4-49e5-af94-9fd19d99c210,data/svi/Amsterdam/172f4630-e3e4-49e5-af94-9fd19d99c210.jpeg
329,1fce1bd0-425f-4357-a0ea-d011f7391b5b,data/svi/Amsterdam/1fce1bd0-425f-4357-a0ea-d011f7391b5b.jpeg
330,2d462588-b8b8-4919-9700-f3257c24909f,data/svi/Amsterdam/2d462588-b8b8-4919-9700-f3257c24909f.jpeg
331,3eac17fe-25d4-478a-a41f-bbd0bba62443,data/svi/Amsterdam/3eac17fe-25d4-478a-a41f-bbd0bba62443.jpeg
332,2b5e856d-1410-459c-8af9-6f6340cca904,data/svi/Amsterdam/2b5e856d-1410-459c-8af9-6f6340cca904.jpeg
333,8b11c866-8c28-4d87-8984-d74455489146,data/svi/Amsterdam/8b11c866-8c28-4d87-8984-d74455489146.jpeg
334,ed2b9057-e674-4e3f-a3b4-c5a37939c3db,data/svi/Amsterdam/ed2b9057-e674-4e3f-a3b4-c5a37939c3db.jpeg
335,eb4ecca4-8544-468a-9c87-e0c26ca6827d,data/svi/Amsterdam/eb4ecca4-8544-468a-9c87-e0c26ca6827d.jpeg
336,f02c4741-b231-4432-924e-bab399e8a9f8,data/svi/Amsterdam/f02c4741-b231-4432-924e-bab399e8a9f8.jpeg
337,5e7e6cf7-d0eb-4899-a040-cffd041997ba,data/svi/Amsterdam/5e7e6cf7-d0eb-4899-a040-cffd041997ba.jpeg
338,03568504-ba68-4c20-84c3-895561492a4e,data/svi/Amsterdam/03568504-ba68-4c20-84c3-895561492a4e.jpeg
339,b71f04fc-4d5c-46d7-90a1-b7a0c82d5239,data/svi/Amsterdam/b71f04fc-4d5c-46d7-90a1-b7a0c82d5239.jpeg
340,40d97ad5-c8ae-44df-87fd-33811a1c7414,data/svi/Amsterdam/40d97ad5-c8ae-44df-87fd-33811a1c7414.jpeg
341,1c503699-6f99-4a06-a19a-61f1d010e844,data/svi/Amsterdam/1c503699-6f99-4a06-a19a-61f1d010e844.jpeg
342,fb781c14-1ee9-4c98-90ea-97dd6b7ad19c,data/svi/Amsterdam/fb781c14-1ee9-4c98-90ea-97dd6b7ad19c.jpeg
343,00a0bc44-f0eb-4762-ac67-0d7823d087c4,data/svi/Amsterdam/00a0bc44-f0eb-4762-ac67-0d7823d087c4.jpeg
344,889fa387-77ad-46b5-988c-9d29bac9e223,data/svi/Amsterdam/889fa387-77ad-46b5-988c-9d29bac9e223.jpeg
345,3eda236e-ec83-43b9-94aa-8d05f809947a,data/svi/Amsterdam/3eda236e-ec83-43b9-94aa-8d05f809947a.jpeg
346,037b7755-42d3-4f5d-9101-c6d61135c27e,data/svi/Amsterdam/037b7755-42d3-4f5d-9101-c6d61135c27e.jpeg
347,98eedc11-d5f8-4758-bf9e-4f9a7a45e2cd,data/svi/Amsterdam/98eedc11-d5f8-4758-bf9e-4f9a7a45e2cd.jpeg
348,ebe4b60d-113d-45a8-a623-ac150f3df170,data/svi/Amsterdam/ebe4b60d-113d-45a8-a623-ac150f3df170.jpeg
349,ac56e7c2-ee08-4725-a8bb-c741df2dea98,data/svi/Amsterdam/ac56e7c2-ee08-4725-a8bb-c741df2dea98.jpeg
350,c761deb5-0da8-4b08-9726-d301143d378f,data/svi/Amsterdam/c761deb5-0da8-4b08-9726-d301143d378f.jpeg
351,e078db39-dfc9-49e2-906d-419a51944784,data/svi/Amsterdam/e078db39-dfc9-49e2-906d-419a51944784.jpeg
352,cac9c046-6d60-4626-8ce2-4c44c5e78cac,data/svi/Amsterdam/cac9c046-6d60-4626-8ce2-4c44c5e78cac.jpeg
353,03953c0b-6b22-4a31-932a-f5001150321a,data/svi/Amsterdam/03953c0b-6b22-4a31-932a-f5001150321a.jpeg
354,4fae46f0-8908-42e5-9347-983330f58b68,data/svi/Amsterdam/4fae46f0-8908-42e5-9347-983330f58b68.jpeg
355,80eeb1ff-2fb3-4234-abae-c29f2f161db7,data/svi/Amsterdam/80eeb1ff-2fb3-4234-abae-c29f2f161db7.jpeg
356,72dfc78e-3216-4dc0-a8c8-b6c175ab4613,data/svi/Amsterdam/72dfc78e-3216-4dc0-a8c8-b6c175ab4613.jpeg
357,133f28cb-56e3-48f5-861d-64036d31805c,data/svi/Amsterdam/133f28cb-56e3-48f5-861d-64036d31805c.jpeg
358,542a63f5-c15c-4d11-93ca-8a002f9e0bb9,data/svi/Amsterdam/542a63f5-c15c-4d11-93ca-8a002f9e0bb9.jpeg
359,a3841846-8d8d-4efa-82af-2c1e8fb30b4c,data/svi/Amsterdam/a3841846-8d8d-4efa-82af-2c1e8fb30b4c.jpeg
360,e3bfb845-ae2d-44d4-b804-75ac53378bcd,data/svi/Amsterdam/e3bfb845-ae2d-44d4-b804-75ac53378bcd.jpeg
361,864fe8cd-9886-4983-86a9-1700bd64f813,data/svi/Amsterdam/864fe8cd-9886-4983-86a9-1700bd64f813.jpeg
362,8a5242bb-b6a6-4559-87d6-03bb42b6bd45,data/svi/Amsterdam/8a5242bb-b6a6-4559-87d6-03bb42b6bd45.jpeg
363,1ce4640f-ede2-4857-819f-867a71dcd597,data/svi/Amsterdam/1ce4640f-ede2-4857-819f-867a71dcd597.jpeg
364,17d9caca-68ae-452a-8d98-115c996d2465,data/svi/Amsterdam/17d9caca-68ae-452a-8d98-115c996d2465.jpeg
365,557298e0-5380-4fa2-b813-7bb194720556,data/svi/Amsterdam/557298e0-5380-4fa2-b813-7bb194720556.jpeg
366,3b15a620-7a6b-4d75-8e39-cece8bff7bba,data/svi/Amsterdam/3b15a620-7a6b-4d75-8e39-cece8bff7bba.jpeg
367,649fa4e4-9d44-4aa1-878f-ed3b0d5b174a,data/svi/Amsterdam/649fa4e4-9d44-4aa1-878f-ed3b0d5b174a.jpeg
368,f150e96b-856d-4cba-82bf-0d4e587beb5d,data/svi/Amsterdam/f150e96b-856d-4cba-82bf-0d4e587beb5d.jpeg
369,68e0ea02-20a8-4a3c-ac17-fa97c366472f,data/svi/Amsterdam/68e0ea02-20a8-4a3c-ac17-fa97c366472f.jpeg
370,9708104d-fe08-4ccc-a1fa-96e421b99f24,data/svi/Amsterdam/9708104d-fe08-4ccc-a1fa-96e421b99f24.jpeg
371,a983c78b-0b5e-463c-aea8-9db29d64af05,data/svi/Amsterdam/a983c78b-0b5e-463c-aea8-9db29d64af05.jpeg
372,8ca6a763-e46e-485c-8451-9c2547ac22ca,data/svi/Amsterdam/8ca6a763-e46e-485c-8451-9c2547ac22ca.jpeg
373,9507dde2-6ba7-435b-8c59-b03202b82e32,data/svi/Amsterdam/9507dde2-6ba7-435b-8c59-b03202b82e32.jpeg
374,18c93cef-3484-4db8-8e11-8dbd4c03aa15,data/svi/Amsterdam/18c93cef-3484-4db8-8e11-8dbd4c03aa15.jpeg
375,ff03e637-0523-4b6e-af5e-feb2134b2829,data/svi/Amsterdam/ff03e637-0523-4b6e-af5e-feb2134b2829.jpeg
376,c3324d88-9832-470a-b7ed-c0de6e49e89f,data/svi/Amsterdam/c3324d88-9832-470a-b7ed-c0de6e49e89f.jpeg
377,6b736d3d-8b7e-489d-92d5-57ee4ef98ce1,data/svi/Amsterdam/6b736d3d-8b7e-489d-92d5-57ee4ef98ce1.jpeg
378,3b1d59f8-e9b9-418c-98db-8968aefe2baa,data/svi/Amsterdam/3b1d59f8-e9b9-418c-98db-8968aefe2baa.jpeg
379,b33ead6f-e7e3-4d60-befe-def6a70c5468,data/svi/Amsterdam/b33ead6f-e7e3-4d60-befe-def6a70c5468.jpeg
380,f3d51650-3b50-474d-92d4-b4919536cd3c,data/svi/Amsterdam/f3d51650-3b50-474d-92d4-b4919536cd3c.jpeg
381,87b91488-80d8-4527-a734-630caed56119,data/svi/Amsterdam/87b91488-80d8-4527-a734-630caed56119.jpeg
382,967ce34c-4277-4cd0-8421-bfbeb995f670,data/svi/Amsterdam/967ce34c-4277-4cd0-8421-bfbeb995f670.jpeg
383,9a994e47-1992-4e60-820e-2d5eb3868769,data/svi/Amsterdam/9a994e47-1992-4e60-820e-2d5eb3868769.jpeg
384,a856f658-56be-4667-ade2-c2e39fd49bfd,data/svi/Amsterdam/a856f658-56be-4667-ade2-c2e39fd49bfd.jpeg
385,3f953cb4-31e1-4a5f-b6d8-d8a4c8c55d5d,data/svi/Amsterdam/3f953cb4-31e1-4a5f-b6d8-d8a4c8c55d5d.jpeg
386,f0febd01-d3f1-420c-b024-3fc8a5a6c6d7,data/svi/Amsterdam/f0febd01-d3f1-420c-b024-3fc8a5a6c6d7.jpeg
387,8c1cd3bd-0dd1-40a9-8d7d-7682c200dd4e,data/svi/Amsterdam/8c1cd3bd-0dd1-40a9-8d7d-7682c200dd4e.jpeg
388,d8044123-3bdc-48b4-8fad-00489e4d3bed,data/svi/Amsterdam/d8044123-3bdc-48b4-8fad-00489e4d3bed.jpeg
389,eade2a4f-48cd-45eb-8dbe-072f79972de9,data/svi/Amsterdam/eade2a4f-48cd-45eb-8dbe-072f79972de9.jpeg
390,4b4b921d-0e7a-496a-bbe6-de2d5f096249,data/svi/Amsterdam/4b4b921d-0e7a-496a-bbe6-de2d5f096249.jpeg
391,9b00bc4f-375a-48e9-8cae-c83a45cbca14,data/svi/Amsterdam/9b00bc4f-375a-48e9-8cae-c83a45cbca14.jpeg
392,58a0c28a-4cc2-4ca5-969b-f1697739e12f,data/svi/Amsterdam/58a0c28a-4cc2-4ca5-969b-f1697739e12f.jpeg
393,cc8b5405-e737-4d57-8a8b-d702487cb2cd,data/svi/Amsterdam/cc8b5405-e737-4d57-8a8b-d702487cb2cd.jpeg
394,db2fde49-9079-488a-9125-327eb7fb2db6,data/svi/Amsterdam/db2fde49-9079-488a-9125-327eb7fb2db6.jpeg
395,416a4869-428a-475a-92bd-19f2611b2925,data/svi/Amsterdam/416a4869-428a-475a-92bd-19f2611b2925.jpeg
396,dad8c5a5-80cd-4d1e-a3cc-b429cdbb90c2,data/svi/Amsterdam/dad8c5a5-80cd-4d1e-a3cc-b429cdbb90c2.jpeg
397,b7abb7f7-7031-4fc9-8f16-7e591dcdfbce,data/svi/Amsterdam/b7abb7f7-7031-4fc9-8f16-7e591dcdfbce.jpeg
398,41a8b6ce-02df-47e8-b7d1-10cce55b6575,data/svi/Amsterdam/41a8b6ce-02df-47e8-b7d1-10cce55b6575.jpeg
399,e97e0042-0ca3-47a2-a514-7422cb60e6a6,data/svi/Amsterdam/e97e0042-0ca3-47a2-a514-7422cb60e6a6.jpeg
