,uuid,city,Relabelled Name,Image number
0,dc6eee81-9513-4edb-813b-05b83b5127be,Santiago,Image_1,1
1,50811b7a-5b0f-4581-92fa-017e6ff26ba0,Santiago,Image_2,2
2,35c8af9e-5e36-4810-9824-59b9b273fbcf,Santiago,Image_3,3
3,3a439403-305b-4be7-ba43-f8ff8e75c31c,Santiago,Image_4,4
4,3cc24150-c590-4d83-883c-44855010e338,Santiago,Image_5,5
5,f971b7ef-84b4-4994-ad26-9f7ca8987714,Santiago,Image_6,6
6,17b4512c-938d-4fdc-9287-852c0f424227,Santiago,Image_7,7
7,a0e10305-43e2-4613-bdc5-bb4c94e19c49,Santiago,Image_8,8
8,91e84ba7-e5a1-4f65-8db3-f5fa193e6aad,Santiago,Image_9,9
9,c15e0899-f6bd-4257-81ae-0a66de564a44,Santiago,Image_10,10
10,37e65fa3-ce35-4bc7-a8e5-5f62ca26579c,Santiago,Image_11,11
11,713af83a-5e66-427e-b720-4c13161b4d3d,Santiago,Image_12,12
12,7dbb1221-6600-4e53-9443-8f5ee01b288c,Santiago,Image_13,13
13,8888232a-f22d-4103-9216-37dc134ebd4e,Santiago,Image_14,14
14,df2b7000-a235-41f9-979a-8bf5aad6267d,Santiago,Image_15,15
15,6fb161b6-f421-41fc-89f8-37557cf781b6,Santiago,Image_16,16
16,568bc87e-48d2-4c39-b6e8-5733810fd1bd,Santiago,Image_17,17
17,9896cfe3-96ec-45df-b5d1-bf5b2e69e48c,Santiago,Image_18,18
18,926adf13-36ad-4937-9293-6d4d376db1fd,Santiago,Image_19,19
19,6a180f36-d93a-40ee-ab61-7ba77c506f5c,Santiago,Image_20,20
20,1922369b-2f31-4351-8a6a-2ea1a569bac1,Santiago,Image_21,21
21,4ab76638-8609-4171-88d3-21d91c48a518,Santiago,Image_22,22
22,5405822e-4b70-4880-ac59-c0da3cd06d7c,Santiago,Image_23,23
23,38c0d0bf-6855-417d-8467-31197f33e6cc,Santiago,Image_24,24
24,44fb3166-93d7-4606-89d4-3fb8e2b50e8d,Santiago,Image_25,25
25,de8c3da5-d94e-46c7-8445-8753f9f6cc56,Santiago,Image_26,26
26,76f71931-ea72-4f6e-9452-5b94377354e0,Santiago,Image_27,27
27,3ac85ae6-0f5f-4b14-bdc1-8b45601c0ca9,Santiago,Image_28,28
28,a9f776ba-8a02-4beb-9fa6-c14f6787a4ed,Santiago,Image_29,29
29,61f3dc30-c69e-4d6f-b56f-c357e089649a,Santiago,Image_30,30
30,9070f645-bc03-406f-86b1-ae2c1583aa15,Santiago,Image_31,31
31,40fdc299-465c-436c-8333-04c228cbe59e,Santiago,Image_32,32
32,29ff55d5-e050-48e8-85d4-c28307deb7cf,Santiago,Image_33,33
33,eeb9deb6-dd46-4b10-8724-591020c5b9dd,Santiago,Image_34,34
34,9514344a-50e8-4e38-b2fa-c3b3583f7ba0,Santiago,Image_35,35
35,8f227932-e7c9-480c-8bd6-4843b689bd4b,Santiago,Image_36,36
36,7a334813-1ec5-493f-9b5f-c559d7f837c3,Santiago,Image_37,37
37,64b6b25b-ca89-4234-8def-37e91184b19c,Santiago,Image_38,38
38,e2e0491e-7525-4943-a653-957294798b88,Santiago,Image_39,39
39,10186507-898c-4e75-8535-f9881d4a6c6d,Santiago,Image_40,40
40,a872d1c2-b28a-4b3c-9a43-7d2cbe69ab33,Santiago,Image_41,41
41,074a82c6-a5c6-4b1b-9550-e8737a688907,Santiago,Image_42,42
42,b2dc959b-a571-41b5-82ee-5977810c0692,Santiago,Image_43,43
43,2137f518-7738-4109-bab5-ccfc88bd74d6,Santiago,Image_44,44
44,11afd5fb-986b-4919-97d6-e13795916ad7,Santiago,Image_45,45
45,ec6fc1a6-f541-478a-896c-d17149058a0d,Santiago,Image_46,46
46,25831145-3452-4f7a-bdd0-af5b0f3dd50f,Santiago,Image_47,47
47,2dca8d50-9443-413e-a00e-7a7abbe4e004,Santiago,Image_48,48
48,5b0150be-8a08-4e0a-9b18-b29b4bd1e87d,Santiago,Image_49,49
49,a9403067-5294-40f2-8484-5f75eed08da6,Santiago,Image_50,50
50,72a7f72f-1556-4c96-8b8a-a09aee5b8e71,Santiago,Image_51,51
51,b21b9ee2-aebb-4b7b-b74b-5fe91872cb2d,Santiago,Image_52,52
52,1f6364c4-4e27-4a99-b719-6b20b3bdef7f,Santiago,Image_53,53
53,83bb9a7c-7107-475c-abf7-b4c98dba2674,Santiago,Image_54,54
54,280d39ac-d0fb-4769-b466-74f2bc3933de,Santiago,Image_55,55
55,367d9778-1ec0-4dff-8afc-fc9358a1f4e3,Santiago,Image_56,56
56,ad2dc199-8c72-4f26-8da5-3634cefd21fd,Santiago,Image_57,57
57,fb367af6-0df9-460e-a54c-e191a2cad6a5,Santiago,Image_58,58
58,8f607dd9-bf04-4a35-8327-f3401d43be39,Santiago,Image_59,59
59,8bbb0da2-e02a-4963-87af-06d69d35a902,Santiago,Image_60,60
60,b6c6f645-350f-443a-a82f-0a2e110cb864,Santiago,Image_61,61
61,5d41fe47-bcf6-4b11-a303-44127aac916c,Santiago,Image_62,62
62,f06a1d61-02f9-4f38-b0de-0247864849a3,Santiago,Image_63,63
63,1c1b57b6-8c74-4b77-86cb-97d875573375,Santiago,Image_64,64
64,1fd6a79a-b868-4e7a-97ff-b02043a3b84e,Santiago,Image_65,65
65,7395eb83-d655-4456-8a38-a24ef516c608,Santiago,Image_66,66
66,71d7b87c-22b1-4dc9-8e98-e8b5a321ed9a,Santiago,Image_67,67
67,0a232f42-4b27-4c34-84b9-5212a4be9fac,Santiago,Image_68,68
68,87eafe22-c709-4509-9d80-9a3abd97887f,Santiago,Image_69,69
69,3b79fbea-bf96-435d-9606-2d3fb67514d2,Santiago,Image_70,70
70,df7549d9-e7c2-4ffc-81c6-c261ddeca014,Santiago,Image_71,71
71,d1593775-7d10-4002-82cd-69ae780f8e85,Santiago,Image_72,72
72,bab878f1-652c-4ad4-b86f-46a8a2442e55,Santiago,Image_73,73
73,eba4da21-0dcc-4e1c-9b7e-8e0686f1b25f,Santiago,Image_74,74
74,07472244-642d-4ca9-9bf5-617ef9e0b144,Santiago,Image_75,75
75,c22a3b13-efb7-45a7-ba13-bd7fbeb0d441,Santiago,Image_76,76
76,7dd59105-1c55-43e8-92b6-f7afcc85540b,Santiago,Image_77,77
77,eb01b483-b282-4d75-94e0-78083896c96d,Santiago,Image_78,78
78,7d061d75-db4a-4c90-8298-61905fa6122d,Santiago,Image_79,79
79,066ec701-43b5-43fe-98c9-a5357b4658ef,Santiago,Image_80,80
80,7c3d4231-ecfa-45f3-9994-803f9d48a5cf,Abuja,Image_81,81
81,83a00efe-975c-4566-9fd9-81f60a451c7b,Abuja,Image_82,82
82,66878433-59de-4533-acd3-760d0eee2ce9,Abuja,Image_83,83
83,c1e12031-ae65-4ad4-93e9-88a3c00cc96f,Abuja,Image_84,84
84,ca1ccddc-0a6c-490d-b47f-8af883f3380c,Abuja,Image_85,85
85,890c780e-4f85-4bcd-8c1f-b6ad2b9c4e40,Abuja,Image_86,86
86,9c68fd2b-246c-4129-8cee-9c781aa41564,Abuja,Image_87,87
87,3a3eeda9-aa6c-4666-9144-f07d0680aab8,Abuja,Image_88,88
88,962aba6b-8576-4aff-8bad-709562a3d44c,Abuja,Image_89,89
89,57cfa30a-922b-42c1-8ced-dc5f5ddefecb,Abuja,Image_90,90
90,8dc4536c-26b7-4d88-957d-d95e877faa2f,Abuja,Image_91,91
91,8175d918-6d1f-48f3-a7f2-b18093ced53e,Abuja,Image_92,92
92,5e6550ae-bd0e-4617-99a6-2a5924dd3476,Abuja,Image_93,93
93,8358ee69-b3e3-4920-a246-fd735119b2ce,Abuja,Image_94,94
94,b5b87aac-f4dd-4387-896e-6c6b6b077a02,Abuja,Image_95,95
95,19017ad2-7ecd-4934-a1b9-d2df38c880a5,Abuja,Image_96,96
96,504a634f-f535-458c-8d93-097621e30d0b,Abuja,Image_97,97
97,21b8ef9e-d623-4cb1-9961-54b9bdc55b27,Abuja,Image_98,98
98,07040b76-c83b-45ec-85a4-9aeb083dcd21,Abuja,Image_99,99
99,2543253c-f533-4545-96f5-5f2d02bf0439,Abuja,Image_100,100
100,e99bd7b1-8215-4af4-8fb4-4d0e25f85efd,Abuja,Image_101,101
101,2840e786-508f-4cf0-82d1-d695a4b775e9,Abuja,Image_102,102
102,1fa2ab0a-14b4-4d2a-9522-7a8e5e6faa97,Abuja,Image_103,103
103,8aea1184-e94c-42a9-8f9e-77c6eca7a8d0,Abuja,Image_104,104
104,c7560a88-54ed-491d-9f95-7ba813491b42,Abuja,Image_105,105
105,959cbc0a-453b-4ee7-8a32-6ccc922f308b,Abuja,Image_106,106
106,7ad50ef7-aa93-4fb6-939a-cbea4eddf9b6,Abuja,Image_107,107
107,70f06427-febf-473e-93f1-e8c2033be895,Abuja,Image_108,108
108,9b33b2d3-8726-4012-9f5b-39d54e91646a,Abuja,Image_109,109
109,bcc3b64f-311c-441d-8408-7dde13c35323,Abuja,Image_110,110
110,cb71ce36-2502-40e2-981c-5ca3884a8285,Abuja,Image_111,111
111,68a9b3db-7001-47fa-80e6-aa117b3477bd,Abuja,Image_112,112
112,2f25ba68-3b35-4b65-aeb2-78167174a351,Abuja,Image_113,113
113,94d11ad7-81c4-44a3-b6b8-ca39f9f77d64,Abuja,Image_114,114
114,caf0a475-6738-4041-b469-b720ae22cc3b,Abuja,Image_115,115
115,7dcc17dc-639d-4834-9b32-2b0e528215e4,Abuja,Image_116,116
116,9bc0ba77-59af-4a3a-aa27-173a5359d40f,Abuja,Image_117,117
117,9902777d-12ab-4da0-976b-59ae18be128b,Abuja,Image_118,118
118,8e0aad6e-670c-4650-b4d3-6adc3c7da26c,Abuja,Image_119,119
119,dca8d1d4-2992-4d13-8724-350d600fe883,Abuja,Image_120,120
120,e2243017-aa67-4ea2-98a2-e4e17a32cf33,Abuja,Image_121,121
121,c9ea59ac-3b21-4d04-b941-7e6d82c9a70e,Abuja,Image_122,122
122,f39f6f46-bb60-416b-86d8-b7d64d628bde,Abuja,Image_123,123
123,a1d426b1-a87e-4662-8a01-b68c5d2dad11,Abuja,Image_124,124
124,82eddd58-1254-4d42-b145-f3699b459a8d,Abuja,Image_125,125
125,1d7586b9-9dd3-4e3a-ba40-b280fdaf0b68,Abuja,Image_126,126
126,97d78550-d466-417c-a00b-381a31d6516a,Abuja,Image_127,127
127,586da6fb-1a6a-45b3-8c0e-a95da6db2a2f,Abuja,Image_128,128
128,1ee73a72-2307-43f7-9884-656e11e2c1bd,Abuja,Image_129,129
129,6dab4118-55d0-4153-969e-6f3152d698a0,Abuja,Image_130,130
130,717e99bb-f1a3-47f7-8052-f3a295ee315a,Abuja,Image_131,131
131,e2318419-1b46-4670-a386-d066e0f938e3,Abuja,Image_132,132
132,c350f8e2-19ff-4b27-b561-d10cdc6e8090,Abuja,Image_133,133
133,98b591dd-fcf2-4e8b-adc0-1448b0633295,Abuja,Image_134,134
134,25e3f949-3426-4502-acaa-3fc2092f502c,Abuja,Image_135,135
135,7a04135a-dea8-4d4a-8eb5-f5993143c081,Abuja,Image_136,136
136,7b9ed42b-d80e-4505-9201-ae438c95a29d,Abuja,Image_137,137
137,d7b26f55-5cc0-4b88-8369-b98b5d059170,Abuja,Image_138,138
138,82576e2e-c2b7-4af0-abb8-3ca92b0eed0c,Abuja,Image_139,139
139,36aae7f8-99c9-46ee-bbf1-7bb316b30080,Abuja,Image_140,140
140,eee6dd59-4096-4c8c-ae6a-6dc872b7c187,Abuja,Image_141,141
141,c2143365-5ee3-4530-8511-7f78a80b4b0f,Abuja,Image_142,142
142,f34e7bd4-c68b-426f-83d1-577eb0467547,Abuja,Image_143,143
143,4a308127-aed5-40a3-b781-e28361b67284,Abuja,Image_144,144
144,6cd48f32-eb92-4423-8901-fa55e817818e,Abuja,Image_145,145
145,9928927c-5190-4a26-949d-3d704d708ece,Abuja,Image_146,146
146,f7303db5-dc81-4fa4-bad3-e1e4321e9d42,Abuja,Image_147,147
147,62d86c44-a64e-4315-9268-8d37f89060e3,Abuja,Image_148,148
148,76e4247f-e38b-4fab-9ebc-6ada8af80a31,Abuja,Image_149,149
149,6d4e6dcc-c9ce-498a-991c-babde690d539,Abuja,Image_150,150
150,cf55f412-6375-4e27-86f2-2f3789a09a5f,Abuja,Image_151,151
151,d104ab37-6903-4e35-97cb-b482e7057106,Abuja,Image_152,152
152,38ba29ee-7e23-4ad8-addc-0f90afc7c38e,Abuja,Image_153,153
153,7e4701f6-fbe6-4c8a-b847-2468d6a4978d,Abuja,Image_154,154
154,f56d7598-a2dd-4f1f-9184-75b9c4ff44e2,Abuja,Image_155,155
155,25578b4e-a71a-4baf-ac18-581412d2e0ea,Abuja,Image_156,156
156,87167bf5-d257-4892-be7a-82481ecdceee,Abuja,Image_157,157
157,52f83280-5051-4ad6-be96-7327322d6aa5,Abuja,Image_158,158
158,0b5d5cfd-a752-42e5-a70e-11f1dc3abba2,Abuja,Image_159,159
159,36213c94-bd6d-4148-adcf-e332cbd11ccf,Abuja,Image_160,160
160,a5e78fa1-a4b9-4062-a2f5-e4bd3b5854dd,Singapore,Image_161,161
161,0c1cd25d-d858-4257-8e90-352a83a27f89,Singapore,Image_162,162
162,718e4580-c7e4-41ca-b601-bb4eb8fef431,Singapore,Image_163,163
163,92cbc689-cfe8-4422-b754-b6236eb6a266,Singapore,Image_164,164
164,2df50d9d-3919-4e2c-9295-a933e9d073ab,Singapore,Image_165,165
165,85d8e67c-209d-4510-831b-053225781cfc,Singapore,Image_166,166
166,cdc8bc2e-6502-48c6-9790-9e8d5f220f9a,Singapore,Image_167,167
167,c992328e-c2f3-4e1a-9ac0-7c2a95d23a27,Singapore,Image_168,168
168,8c748b75-c3e1-4712-9192-12967e662e31,Singapore,Image_169,169
169,660399d8-41ce-4f0b-908d-1771aa56b13c,Singapore,Image_170,170
170,396b865a-fdf1-48f9-848b-18535199842b,Singapore,Image_171,171
171,e8ea3bd5-3279-416e-933e-8e4b750e1885,Singapore,Image_172,172
172,e407c063-7c3a-4250-9604-f72e0a4e331b,Singapore,Image_173,173
173,2c42f52a-fcd3-4858-bcf5-12571e5db2b3,Singapore,Image_174,174
174,89fd5dc2-0748-459b-9531-3b467b2dc04d,Singapore,Image_175,175
175,9cc1e33e-9564-4393-b959-bd6246aab411,Singapore,Image_176,176
176,94cc0549-b343-4001-badb-bd68c4e76a35,Singapore,Image_177,177
177,5c8426c2-5282-43dc-a622-8fd1501e3a63,Singapore,Image_178,178
178,05e0b20d-ae78-4b2b-b425-f021d3497c72,Singapore,Image_179,179
179,0324cf50-3b94-431d-aa43-6a027c8b1dda,Singapore,Image_180,180
180,e708d69a-96b9-4bd6-a5b8-e307b4a515bf,Singapore,Image_181,181
181,bc38c219-7d8d-45d5-bde1-99748715f220,Singapore,Image_182,182
182,4d00b2b2-b624-44fb-b891-92db03cb3e33,Singapore,Image_183,183
183,e4b872b2-87a2-4ca1-ab7e-93aa24318781,Singapore,Image_184,184
184,29fcbc64-73c1-44f9-b0f1-a3f28cae0d4e,Singapore,Image_185,185
185,b73f53d1-7b0d-4de6-921c-f0f62c2599f1,Singapore,Image_186,186
186,2e8a7c7e-1e55-4127-a1a6-a91a88f7e9e0,Singapore,Image_187,187
187,1545814e-bfa2-4e33-8324-64a70b848057,Singapore,Image_188,188
188,09a14c05-a74d-4153-85ae-bd2e1c573518,Singapore,Image_189,189
189,dc740ea9-332a-477b-bacd-abf80442b2ef,Singapore,Image_190,190
190,0ee82372-34f5-4017-831a-50a93e4b7e69,Singapore,Image_191,191
191,98323432-4f17-4ea5-8c71-cfa5020e3071,Singapore,Image_192,192
192,fa24642d-008a-4c62-8233-3bc05efc6440,Singapore,Image_193,193
193,e52d155e-9b66-4339-9646-5d3bacb7425e,Singapore,Image_194,194
194,4a3697f3-027c-42da-b175-211ff2e3f927,Singapore,Image_195,195
195,58965f9f-24b5-472b-a50a-bf6946be2765,Singapore,Image_196,196
196,6a7a0d98-5f11-4b85-9e31-f9cf06669064,Singapore,Image_197,197
197,d44b6a5f-b292-41e1-867a-a730495bf6cb,Singapore,Image_198,198
198,5231d5c5-bde8-4cb3-9e90-bf4601a3d97f,Singapore,Image_199,199
199,5adc5d5b-d091-49fd-b2d3-8915e30b847e,Singapore,Image_200,200
200,f0fd9fa6-48fb-45a8-a849-9caec90cd006,Singapore,Image_201,201
201,0b8c6dad-e1d4-4192-b893-ccefe9e7e89c,Singapore,Image_202,202
202,76d51909-0a1e-4a6b-b0bc-ef9e5d1781ab,Singapore,Image_203,203
203,e98761f5-5ec7-4bee-a460-6a86631e72fa,Singapore,Image_204,204
204,59aca400-f941-4f1d-91d5-270b0fabd80e,Singapore,Image_205,205
205,1d7ee530-66bb-46be-a250-c05d592ff40a,Singapore,Image_206,206
206,5daed009-9e58-4fe9-ba67-b7448ff795c9,Singapore,Image_207,207
207,0b11a661-94ea-4ca4-8104-940ab8179590,Singapore,Image_208,208
208,4903628d-f801-4f74-8c87-17c648acbf1e,Singapore,Image_209,209
209,31d1d1a0-e3fc-4915-867f-5bb25995cc8e,Singapore,Image_210,210
210,c1c3ba69-ffff-4ec7-84fe-2c7ccb70fdd0,Singapore,Image_211,211
211,99b45032-fd7d-4883-a6e1-2d47e3dd65e5,Singapore,Image_212,212
212,db5138b1-9a56-47e2-ad21-2f3de0aeefe9,Singapore,Image_213,213
213,857d25a6-1b6f-4d1d-ab15-532f5b83ee0e,Singapore,Image_214,214
214,a37b8477-4edf-4f49-b36f-2dd10e467f09,Singapore,Image_215,215
215,2ac5aa58-1b31-42d5-8e98-cdbb59fb7a62,Singapore,Image_216,216
216,e8fb93db-be53-4d45-b47f-1f29c65424bc,Singapore,Image_217,217
217,61e49fb1-2fc0-45b3-a483-d1334b73dec7,Singapore,Image_218,218
218,5446831e-9c5b-4390-a583-6f0f3e3877ca,Singapore,Image_219,219
219,bc65a16b-0e99-4bac-8e9e-6caf9feb0276,Singapore,Image_220,220
220,a240ea21-72a9-41b8-9141-655bfa289a17,Singapore,Image_221,221
221,16dbea0a-64ce-441b-a929-7dbb373d4063,Singapore,Image_222,222
222,6b8cf393-4a17-46ee-ba10-f4274360ca27,Singapore,Image_223,223
223,c9134ff8-f246-4546-8fd4-7bde332c2616,Singapore,Image_224,224
224,b0d8fcb4-ee7f-4aba-8fe7-845c5d56bb9b,Singapore,Image_225,225
225,73424fd6-e621-4ebf-baad-5c0768114b5b,Singapore,Image_226,226
226,47a79ab8-8875-46d5-abc1-d6ec04295cae,Singapore,Image_227,227
227,d9d2caa8-db99-4a7e-b8d0-56dcaa71fd3f,Singapore,Image_228,228
228,28b4dc90-4da1-4eb5-a51a-985be3428b99,Singapore,Image_229,229
229,2861f330-ba5b-4d1e-a6dc-cb2635f1220a,Singapore,Image_230,230
230,0a82c461-302e-45e9-afcb-5194bec3e123,Singapore,Image_231,231
231,6afb3a19-bdc6-4298-834d-fa18b640a78a,Singapore,Image_232,232
232,2c2a0c4c-98ca-48d5-b481-6bc8a0d8e203,Singapore,Image_233,233
233,55778d2b-f923-45c6-9a4f-037fb4162f06,Singapore,Image_234,234
234,df9321a9-ae67-46b9-ae68-fb8b2c20b529,Singapore,Image_235,235
235,a98031f2-7c92-42cd-be64-505924f5ea36,Singapore,Image_236,236
236,ae93b93d-dd25-4e67-a7d2-bc8f2fc24d66,Singapore,Image_237,237
237,4bc7637c-9954-4d83-b40f-e837614ee20d,Singapore,Image_238,238
238,f5ef975d-7d3c-4497-946e-c2526aa1f4b8,Singapore,Image_239,239
239,aa59ba94-7c45-4794-8e1e-6e7823c67274,Singapore,Image_240,240
240,9643e9b8-b121-4661-ad98-72707b9894ca,San Francisco,Image_241,241
241,0fa2dcde-878a-4913-8d7d-30dca8c1192a,San Francisco,Image_242,242
242,ca66d3ea-9400-48ca-8320-fd3460bb9e1d,San Francisco,Image_243,243
243,27d1ccd0-21b3-44a1-b95a-79989050b4a6,San Francisco,Image_244,244
244,881e7127-037a-47e2-84ec-770e37597387,San Francisco,Image_245,245
245,03b2e966-dea1-49c1-8184-191e90650622,San Francisco,Image_246,246
246,3ba4f295-3825-4187-a30f-2aa04c6c37ea,San Francisco,Image_247,247
247,836e44b2-1c76-4ab1-8038-5ce63cc6fb55,San Francisco,Image_248,248
248,c0764cb5-f2fd-40cb-9aed-3eff846675ef,San Francisco,Image_249,249
249,09efd904-152a-4ead-8853-f663ccf0cbd6,San Francisco,Image_250,250
250,bfd53665-0d6e-461b-8860-467dab2b06a1,San Francisco,Image_251,251
251,1b84a8ca-2db8-4731-a434-89862ed1ba88,San Francisco,Image_252,252
252,fef0d6d6-2a3d-4dc1-81eb-d4ee11a50975,San Francisco,Image_253,253
253,10c756a2-6597-418d-b2c4-5cae7f5ba342,San Francisco,Image_254,254
254,af3920ff-91c7-4663-bcb1-d02d8f6ef26f,San Francisco,Image_255,255
255,e6313d51-3e1c-45d4-b76a-9c45e825a971,San Francisco,Image_256,256
256,0638ae91-2f69-4a1f-b4b2-70fac9027ef4,San Francisco,Image_257,257
257,05e38bcb-218d-41de-879a-c758eeeac337,San Francisco,Image_258,258
258,984f99aa-ca1c-4669-9c6c-d191bd6c5eed,San Francisco,Image_259,259
259,c24f3069-4fd4-4116-a651-61e606122216,San Francisco,Image_260,260
260,937e89f7-51a9-4ff9-95af-63ce16a523b9,San Francisco,Image_261,261
261,52ab1774-23fe-49b2-bbf4-703c48c6c663,San Francisco,Image_262,262
262,3f61d908-592b-45bb-8fdf-eb82d0a80d2e,San Francisco,Image_263,263
263,03d5b128-ef60-477f-bfb0-697d04a0ec8d,San Francisco,Image_264,264
264,b5bb91ca-c1b0-43df-9c02-4badff194a0e,San Francisco,Image_265,265
265,e2df53ca-77b6-4b0f-b279-87895d91eac0,San Francisco,Image_266,266
266,be9d2e9a-24bc-4f6f-92ab-a93d0e30d7b1,San Francisco,Image_267,267
267,107dbbfe-5c13-4563-9f54-353237fe854f,San Francisco,Image_268,268
268,f11ac338-e15b-4d85-a27c-ec5ccad7344b,San Francisco,Image_269,269
269,d1166cdc-9592-4199-a28d-0fae2bfb3d3f,San Francisco,Image_270,270
270,9528d94c-dfc0-4365-984d-cd437eca256a,San Francisco,Image_271,271
271,02bbf8e5-b3c5-48fa-9642-783b0a5f3c36,San Francisco,Image_272,272
272,88723085-7a06-43ae-bcc0-3911360da2fc,San Francisco,Image_273,273
273,429e56da-2784-4d22-8d9b-4245740f4f6e,San Francisco,Image_274,274
274,18e77d76-af89-4555-ab3a-113ce6f8e1bc,San Francisco,Image_275,275
275,8cb95370-8b07-4e81-a903-977d060fd48a,San Francisco,Image_276,276
276,f3dc8967-fc2c-407f-b4e7-e350b62b9288,San Francisco,Image_277,277
277,a511adaf-499d-4362-8b83-48d4f560d66f,San Francisco,Image_278,278
278,23e7e8cf-9654-42ad-999c-f5818b30d87a,San Francisco,Image_279,279
279,1181154f-bdd5-47ab-ae11-dfd29582bcd4,San Francisco,Image_280,280
280,2aec5d45-f0d2-496a-a19b-cef66a4a4f74,San Francisco,Image_281,281
281,d64d47d7-69d5-40b7-8b28-f29fdb1f1e66,San Francisco,Image_282,282
282,3f514c22-e89b-4772-a5f9-6c846630278f,San Francisco,Image_283,283
283,42c2cb06-e620-4f39-95f6-9de72036aa06,San Francisco,Image_284,284
284,9fbb38ec-04c6-4af0-99be-d37b0e0d5641,San Francisco,Image_285,285
285,65143ad1-83a3-41fa-a079-a8702deec9cc,San Francisco,Image_286,286
286,745bfc00-99f1-4f9e-978e-6780f99f2f6a,San Francisco,Image_287,287
287,fc66c0ca-66b1-4419-82c3-2ebb7aac9fd0,San Francisco,Image_288,288
288,059205d3-56fb-44a6-bda9-7747bc778399,San Francisco,Image_289,289
289,e3a56212-a4a2-4ea4-8f90-d2c9c9ac7f83,San Francisco,Image_290,290
290,68e07cad-7bea-42b8-a668-c238e925e3a2,San Francisco,Image_291,291
291,55b4d6d7-6359-456d-8cce-a983030ff59b,San Francisco,Image_292,292
292,c5b8321a-0969-4698-a416-6e97fcd1a73e,San Francisco,Image_293,293
293,df9b208b-20e8-4d7c-b826-a0afbd816e5a,San Francisco,Image_294,294
294,3ad99f11-e7e6-4733-95f1-ce9942a444ee,San Francisco,Image_295,295
295,00b2eab5-0f30-4722-87f4-009824a9cace,San Francisco,Image_296,296
296,ad8ad0ae-4dc4-445a-b38b-7946b50b46e5,San Francisco,Image_297,297
297,00ca061c-f9fc-49cc-b06b-86d5dd6599ff,San Francisco,Image_298,298
298,e77bc782-2c69-4f97-8a96-cda82d88ebdb,San Francisco,Image_299,299
299,e0323a78-f640-415e-82d0-dda6d266716c,San Francisco,Image_300,300
300,8e515fe2-7775-4e79-921f-ce8fe2a067cb,San Francisco,Image_301,301
301,3bd3d662-f330-4af9-bd46-9e3a2d999ccf,San Francisco,Image_302,302
302,2c814e57-ea64-4857-97f1-26798c33618d,San Francisco,Image_303,303
303,1e8ddee5-af7b-404f-9c39-b980f407fa74,San Francisco,Image_304,304
304,94ed8a77-577f-4064-ab7f-ae55b864b674,San Francisco,Image_305,305
305,6066c3e5-d907-466c-a17a-43da29419b85,San Francisco,Image_306,306
306,b6538880-79bd-4d19-a828-453e3bf1e932,San Francisco,Image_307,307
307,056f992a-ac1a-4fbc-9f9c-689c1a836cc2,San Francisco,Image_308,308
308,f4c16335-08a6-44f8-96cb-5b6f9ff32f9d,San Francisco,Image_309,309
309,7d9482d0-98b7-4ca7-b1eb-12cd59a82cf2,San Francisco,Image_310,310
310,92e85be6-2b7d-4033-bb88-50b7f1ec08fb,San Francisco,Image_311,311
311,0b7c90a9-a9a5-4e9c-b87b-e08702404ab0,San Francisco,Image_312,312
312,c5661e91-4a24-4d3f-ada8-fe3fff131a66,San Francisco,Image_313,313
313,8b28d93e-8d4b-41ef-8960-6c176c1d7b8b,San Francisco,Image_314,314
314,6d95bf53-8e03-4168-8718-a7175008bbd1,San Francisco,Image_315,315
315,df4ec12f-c3b2-4573-8861-94341da2926f,San Francisco,Image_316,316
316,a11b15aa-c7ed-47b9-b14e-409e8c192f20,San Francisco,Image_317,317
317,003543b8-c222-4638-8e46-0821f2ff8e13,San Francisco,Image_318,318
318,72e74c1d-413e-4cb6-8704-dfe55f6e17e5,San Francisco,Image_319,319
319,5352831a-9380-4d92-b3bc-4269684062da,San Francisco,Image_320,320
320,d63c7ab6-5b2d-48a5-ab56-940829b51ddd,Amsterdam,Image_321,321
321,6be29618-8235-4eae-b0ab-fe7e9fa5327e,Amsterdam,Image_322,322
322,8185f428-a9be-4a0b-a66c-61d925dca0a1,Amsterdam,Image_323,323
323,fe6900d2-1750-4cf8-810c-e58104a60ef7,Amsterdam,Image_324,324
324,5ff3f497-1187-4da9-a5d8-9fce6ffe86c5,Amsterdam,Image_325,325
325,6035f156-b9ef-4fa2-8fe1-7fe78fa90d9b,Amsterdam,Image_326,326
326,a0fc331c-6d52-41be-a318-ef4dcc36331e,Amsterdam,Image_327,327
327,f52af108-1b6b-4de6-a9e7-4f6a01c3f207,Amsterdam,Image_328,328
328,172f4630-e3e4-49e5-af94-9fd19d99c210,Amsterdam,Image_329,329
329,1fce1bd0-425f-4357-a0ea-d011f7391b5b,Amsterdam,Image_330,330
330,2d462588-b8b8-4919-9700-f3257c24909f,Amsterdam,Image_331,331
331,3eac17fe-25d4-478a-a41f-bbd0bba62443,Amsterdam,Image_332,332
332,2b5e856d-1410-459c-8af9-6f6340cca904,Amsterdam,Image_333,333
333,8b11c866-8c28-4d87-8984-d74455489146,Amsterdam,Image_334,334
334,ed2b9057-e674-4e3f-a3b4-c5a37939c3db,Amsterdam,Image_335,335
335,eb4ecca4-8544-468a-9c87-e0c26ca6827d,Amsterdam,Image_336,336
336,f02c4741-b231-4432-924e-bab399e8a9f8,Amsterdam,Image_337,337
337,5e7e6cf7-d0eb-4899-a040-cffd041997ba,Amsterdam,Image_338,338
338,03568504-ba68-4c20-84c3-895561492a4e,Amsterdam,Image_339,339
339,b71f04fc-4d5c-46d7-90a1-b7a0c82d5239,Amsterdam,Image_340,340
340,40d97ad5-c8ae-44df-87fd-33811a1c7414,Amsterdam,Image_341,341
341,1c503699-6f99-4a06-a19a-61f1d010e844,Amsterdam,Image_342,342
342,fb781c14-1ee9-4c98-90ea-97dd6b7ad19c,Amsterdam,Image_343,343
343,00a0bc44-f0eb-4762-ac67-0d7823d087c4,Amsterdam,Image_344,344
344,889fa387-77ad-46b5-988c-9d29bac9e223,Amsterdam,Image_345,345
345,3eda236e-ec83-43b9-94aa-8d05f809947a,Amsterdam,Image_346,346
346,037b7755-42d3-4f5d-9101-c6d61135c27e,Amsterdam,Image_347,347
347,98eedc11-d5f8-4758-bf9e-4f9a7a45e2cd,Amsterdam,Image_348,348
348,ebe4b60d-113d-45a8-a623-ac150f3df170,Amsterdam,Image_349,349
349,ac56e7c2-ee08-4725-a8bb-c741df2dea98,Amsterdam,Image_350,350
350,c761deb5-0da8-4b08-9726-d301143d378f,Amsterdam,Image_351,351
351,e078db39-dfc9-49e2-906d-419a51944784,Amsterdam,Image_352,352
352,cac9c046-6d60-4626-8ce2-4c44c5e78cac,Amsterdam,Image_353,353
353,03953c0b-6b22-4a31-932a-f5001150321a,Amsterdam,Image_354,354
354,4fae46f0-8908-42e5-9347-983330f58b68,Amsterdam,Image_355,355
355,80eeb1ff-2fb3-4234-abae-c29f2f161db7,Amsterdam,Image_356,356
356,72dfc78e-3216-4dc0-a8c8-b6c175ab4613,Amsterdam,Image_357,357
357,133f28cb-56e3-48f5-861d-64036d31805c,Amsterdam,Image_358,358
358,542a63f5-c15c-4d11-93ca-8a002f9e0bb9,Amsterdam,Image_359,359
359,a3841846-8d8d-4efa-82af-2c1e8fb30b4c,Amsterdam,Image_360,360
360,e3bfb845-ae2d-44d4-b804-75ac53378bcd,Amsterdam,Image_361,361
361,864fe8cd-9886-4983-86a9-1700bd64f813,Amsterdam,Image_362,362
362,8a5242bb-b6a6-4559-87d6-03bb42b6bd45,Amsterdam,Image_363,363
363,1ce4640f-ede2-4857-819f-867a71dcd597,Amsterdam,Image_364,364
364,17d9caca-68ae-452a-8d98-115c996d2465,Amsterdam,Image_365,365
365,557298e0-5380-4fa2-b813-7bb194720556,Amsterdam,Image_366,366
366,3b15a620-7a6b-4d75-8e39-cece8bff7bba,Amsterdam,Image_367,367
367,649fa4e4-9d44-4aa1-878f-ed3b0d5b174a,Amsterdam,Image_368,368
368,f150e96b-856d-4cba-82bf-0d4e587beb5d,Amsterdam,Image_369,369
369,68e0ea02-20a8-4a3c-ac17-fa97c366472f,Amsterdam,Image_370,370
370,9708104d-fe08-4ccc-a1fa-96e421b99f24,Amsterdam,Image_371,371
371,a983c78b-0b5e-463c-aea8-9db29d64af05,Amsterdam,Image_372,372
372,8ca6a763-e46e-485c-8451-9c2547ac22ca,Amsterdam,Image_373,373
373,9507dde2-6ba7-435b-8c59-b03202b82e32,Amsterdam,Image_374,374
374,18c93cef-3484-4db8-8e11-8dbd4c03aa15,Amsterdam,Image_375,375
375,ff03e637-0523-4b6e-af5e-feb2134b2829,Amsterdam,Image_376,376
376,c3324d88-9832-470a-b7ed-c0de6e49e89f,Amsterdam,Image_377,377
377,6b736d3d-8b7e-489d-92d5-57ee4ef98ce1,Amsterdam,Image_378,378
378,3b1d59f8-e9b9-418c-98db-8968aefe2baa,Amsterdam,Image_379,379
379,b33ead6f-e7e3-4d60-befe-def6a70c5468,Amsterdam,Image_380,380
380,f3d51650-3b50-474d-92d4-b4919536cd3c,Amsterdam,Image_381,381
381,87b91488-80d8-4527-a734-630caed56119,Amsterdam,Image_382,382
382,967ce34c-4277-4cd0-8421-bfbeb995f670,Amsterdam,Image_383,383
383,9a994e47-1992-4e60-820e-2d5eb3868769,Amsterdam,Image_384,384
384,a856f658-56be-4667-ade2-c2e39fd49bfd,Amsterdam,Image_385,385
385,3f953cb4-31e1-4a5f-b6d8-d8a4c8c55d5d,Amsterdam,Image_386,386
386,f0febd01-d3f1-420c-b024-3fc8a5a6c6d7,Amsterdam,Image_387,387
387,8c1cd3bd-0dd1-40a9-8d7d-7682c200dd4e,Amsterdam,Image_388,388
388,d8044123-3bdc-48b4-8fad-00489e4d3bed,Amsterdam,Image_389,389
389,eade2a4f-48cd-45eb-8dbe-072f79972de9,Amsterdam,Image_390,390
390,4b4b921d-0e7a-496a-bbe6-de2d5f096249,Amsterdam,Image_391,391
391,9b00bc4f-375a-48e9-8cae-c83a45cbca14,Amsterdam,Image_392,392
392,58a0c28a-4cc2-4ca5-969b-f1697739e12f,Amsterdam,Image_393,393
393,cc8b5405-e737-4d57-8a8b-d702487cb2cd,Amsterdam,Image_394,394
394,db2fde49-9079-488a-9125-327eb7fb2db6,Amsterdam,Image_395,395
395,416a4869-428a-475a-92bd-19f2611b2925,Amsterdam,Image_396,396
396,dad8c5a5-80cd-4d1e-a3cc-b429cdbb90c2,Amsterdam,Image_397,397
397,b7abb7f7-7031-4fc9-8f16-7e591dcdfbce,Amsterdam,Image_398,398
398,41a8b6ce-02df-47e8-b7d1-10cce55b6575,Amsterdam,Image_399,399
399,e97e0042-0ca3-47a2-a514-7422cb60e6a6,Amsterdam,Image_400,400